{
  "x_sample": [
    0.6245279312133789,
    -0.08380720019340515,
    -0.053508441895246506,
    0.4836282432079315,
    -0.4640093147754669
  ],
  "true_label": 0
}