{
  "x_sample": [
    0.6736669540405273,
    -0.4063776433467865,
    0.3707014322280884,
    0.492024302482605,
    -0.49230632185935974
  ],
  "true_label": 0
}