{
  "x_sample": [
    0.6337544322013855,
    0.3031022250652313,
    -0.23610371351242065,
    0.4692513346672058,
    -0.4503690302371979
  ],
  "true_label": 0
}