{
  "x_sample": [
    0.6778733134269714,
    0.1585138589143753,
    0.35992345213890076,
    0.48600441217422485,
    -0.4946058988571167
  ],
  "true_label": 0
}