{
  "x_sample": [
    0.6730702519416809,
    0.1584160476922989,
    -0.012094910256564617,
    0.4645859897136688,
    -0.46797049045562744
  ],
  "true_label": 0
}