{
  "x_sample": [
    0.6013746857643127,
    -0.1393127292394638,
    -0.16774900257587433,
    0.47088623046875,
    -0.46560075879096985
  ],
  "true_label": 0
}