{
  "x_sample": [
    0.6673471331596375,
    0.21774469316005707,
    -0.12271951138973236,
    0.4816478192806244,
    -0.47034400701522827
  ],
  "true_label": 0
}