{
  "x_sample": [
    0.663776159286499,
    -0.11378906667232513,
    0.2766574025154114,
    0.4932927191257477,
    -0.4811350703239441
  ],
  "true_label": 0
}