{
  "x_sample": [
    0.6240291595458984,
    -0.11622197926044464,
    -0.4215744137763977,
    0.46485239267349243,
    -0.4532313942909241
  ],
  "true_label": 0
}