{
  "x_sample": [
    0.6706757545471191,
    0.14761382341384888,
    -0.04377087205648422,
    0.471052885055542,
    -0.48566314578056335
  ],
  "true_label": 0
}