{
  "x_sample": [
    0.6308247447013855,
    -0.3359699845314026,
    -0.35934990644454956,
    0.49905210733413696,
    -0.48107150197029114
  ],
  "true_label": 0
}