{
  "x_sample": [
    0.6274930238723755,
    0.20201507210731506,
    0.38918522000312805,
    0.4528549313545227,
    -0.4974585771560669
  ],
  "true_label": 0
}