{
  "x_sample": [
    0.6636083722114563,
    0.14809024333953857,
    0.2798829972743988,
    0.4961576759815216,
    -0.4638743996620178
  ],
  "true_label": 0
}