{
  "x_sample": [
    0.6171733736991882,
    -0.3825215995311737,
    -0.29523995518684387,
    0.49238699674606323,
    -0.4523194134235382
  ],
  "true_label": 0
}