{
  "x_sample": [
    0.6535851955413818,
    -0.12411676347255707,
    0.4242066442966461,
    0.4815572500228882,
    -0.4821406900882721
  ],
  "true_label": 0
}