{
  "x_sample": [
    0.6194683909416199,
    -0.1779443621635437,
    -0.039761777967214584,
    0.4957268238067627,
    -0.45699548721313477
  ],
  "true_label": 0
}