{
  "x_sample": [
    0.6120843887329102,
    0.28208065032958984,
    0.20703125,
    0.48737192153930664,
    -0.4533814787864685
  ],
  "true_label": 0
}