{
  "x_sample": [
    0.61849445104599,
    0.41479480266571045,
    -0.0734802857041359,
    0.4766169786453247,
    -0.4716383218765259
  ],
  "true_label": 0
}