{
  "x_sample": [
    0.6080101132392883,
    -0.41825926303863525,
    -0.19123601913452148,
    0.4827444851398468,
    -0.4804011583328247
  ],
  "true_label": 0
}