{
  "x_sample": [
    0.6124405264854431,
    0.30436983704566956,
    -0.4943256974220276,
    0.4552708566188812,
    -0.4760127067565918
  ],
  "true_label": 0
}