{
  "x_sample": [
    0.6150531768798828,
    0.4985014796257019,
    0.3516484200954437,
    0.45772889256477356,
    -0.49750393629074097
  ],
  "true_label": 0
}