{
  "x_sample": [
    0.609268307685852,
    0.16853822767734528,
    0.25735121965408325,
    0.48261427879333496,
    -0.458482950925827
  ],
  "true_label": 0
}