{
  "x_sample": [
    0.6074862480163574,
    -0.4179772138595581,
    -0.19122402369976044,
    0.4824887812137604,
    -0.47108957171440125
  ],
  "true_label": 0
}