{
  "x_sample": [
    0.6396802663803101,
    0.3400033712387085,
    -0.26213955879211426,
    0.46642670035362244,
    -0.4887775778770447
  ],
  "true_label": 0
}