{
  "x_sample": [
    0.6055840253829956,
    0.39575493335723877,
    0.2680341899394989,
    0.4793895483016968,
    -0.45911383628845215
  ],
  "true_label": 0
}