{
  "x_sample": [
    0.6299113631248474,
    0.26230376958847046,
    0.07520897686481476,
    0.46550846099853516,
    -0.4612717032432556
  ],
  "true_label": 0
}