{
  "x_sample": [
    0.601470410823822,
    0.10501286387443542,
    -0.25292226672172546,
    0.48597943782806396,
    -0.49553629755973816
  ],
  "true_label": 0
}