{
  "x_sample": [
    0.6372168064117432,
    -0.4265114963054657,
    -0.10647999495267868,
    0.45132720470428467,
    -0.48199549317359924
  ],
  "true_label": 0
}