{
  "x_sample": [
    0.6365290284156799,
    -0.12556985020637512,
    -0.4729839861392975,
    0.4628453552722931,
    -0.49799644947052
  ],
  "true_label": 0
}