{
  "x_sample": [
    0.6397380232810974,
    -0.2337297797203064,
    -0.2352832406759262,
    0.4742012917995453,
    -0.46106818318367004
  ],
  "true_label": 0
}