{
  "x_sample": [
    0.6753578186035156,
    -0.11399994790554047,
    -0.2416347712278366,
    0.46776220202445984,
    -0.4923204779624939
  ],
  "true_label": 0
}