{
  "x_sample": [
    0.6369528770446777,
    -0.44925135374069214,
    0.06336051225662231,
    0.46777766942977905,
    -0.45209741592407227
  ],
  "true_label": 0
}