{
  "x_sample": [
    0.6053758859634399,
    -0.34700408577919006,
    -0.0861443281173706,
    0.4780828058719635,
    -0.4766623377799988
  ],
  "true_label": 0
}