{
  "x_sample": [
    0.6145542860031128,
    -0.11485517024993896,
    0.25225239992141724,
    0.48192933201789856,
    -0.46797430515289307
  ],
  "true_label": 0
}