{
  "x_sample": [
    0.6430793404579163,
    -0.15690529346466064,
    0.1600232720375061,
    0.489737331867218,
    -0.4532780051231384
  ],
  "true_label": 0
}