{
  "x_sample": [
    0.6003391146659851,
    -0.37115201354026794,
    -0.4575037360191345,
    0.4951191246509552,
    -0.4875921905040741
  ],
  "true_label": 0
}