{
  "x_sample": [
    0.6103684306144714,
    -0.10281581431627274,
    -0.2043895572423935,
    0.45090946555137634,
    -0.4826371669769287
  ],
  "true_label": 0
}