{
  "x_sample": [
    0.6557620167732239,
    0.41502615809440613,
    0.3361102342605591,
    0.4732172191143036,
    -0.494462788105011
  ],
  "true_label": 0
}