{
  "x_sample": [
    0.6200509071350098,
    -0.448639839887619,
    -0.26973894238471985,
    0.4738248884677887,
    -0.46932417154312134
  ],
  "true_label": 0
}