{
  "x_sample": [
    0.6758485436439514,
    -0.22420662641525269,
    0.3056182861328125,
    0.48824208974838257,
    -0.49216213822364807
  ],
  "true_label": 0
}