{
  "x_sample": [
    0.6028481721878052,
    -0.32504215836524963,
    0.4486450254917145,
    0.4862704277038574,
    -0.4501586854457855
  ],
  "true_label": 0
}