{
  "x_sample": [
    0.6333866119384766,
    0.10248062759637833,
    0.41343966126441956,
    0.48469415307044983,
    -0.46170690655708313
  ],
  "true_label": 0
}