{
  "x_sample": [
    0.6249821186065674,
    -0.07448223233222961,
    0.4745207726955414,
    0.4690745174884796,
    -0.4699144959449768
  ],
  "true_label": 0
}