{
  "x_sample": [
    0.6373773217201233,
    -0.39591583609580994,
    -0.39547446370124817,
    0.4691084623336792,
    -0.4799705147743225
  ],
  "true_label": 0
}