{
  "x_sample": [
    0.6330953240394592,
    -0.2613779604434967,
    -0.09651947021484375,
    0.47214943170547485,
    -0.4761999547481537
  ],
  "true_label": 0
}