{
  "x_sample": [
    0.6663632392883301,
    0.48295333981513977,
    0.3188680112361908,
    0.4599597752094269,
    -0.465480238199234
  ],
  "true_label": 0
}