{
  "x_sample": [
    0.6324002742767334,
    0.08526402711868286,
    -0.41344642639160156,
    0.49938246607780457,
    -0.472744345664978
  ],
  "true_label": 0
}