{
  "x_sample": [
    0.6189652681350708,
    0.14846490323543549,
    0.2892184555530548,
    0.46938854455947876,
    -0.4843904376029968
  ],
  "true_label": 0
}