{
  "x_sample": [
    0.620654821395874,
    0.2834739685058594,
    0.009521209634840488,
    0.4678869843482971,
    -0.4951343536376953
  ],
  "true_label": 0
}