{
  "x_sample": [
    0.6625210046768188,
    -0.48117774724960327,
    0.33586710691452026,
    0.4624614417552948,
    -0.4697936773300171
  ],
  "true_label": 0
}