{
  "x_sample": [
    0.6293379068374634,
    -0.1324058473110199,
    0.025562863796949387,
    0.47214552760124207,
    -0.46770402789115906
  ],
  "true_label": 0
}