{
  "x_sample": [
    0.6764028668403625,
    0.3995155394077301,
    0.43386900424957275,
    0.47861406207084656,
    -0.4504510760307312
  ],
  "true_label": 0
}