{
  "x_sample": [
    0.6638326048851013,
    -0.47847405076026917,
    0.3677108883857727,
    0.4693726599216461,
    -0.4866521656513214
  ],
  "true_label": 0
}