{
  "x_sample": [
    0.6210655570030212,
    -0.33121076226234436,
    -0.4903159439563751,
    0.4538596570491791,
    -0.45121854543685913
  ],
  "true_label": 0
}