{
  "x_sample": [
    0.6438084244728088,
    0.08810245990753174,
    -0.041583433747291565,
    0.47303763031959534,
    -0.4777553677558899
  ],
  "true_label": 0
}