{
  "x_sample": [
    0.6671311855316162,
    0.1361410915851593,
    0.19286876916885376,
    0.47743573784828186,
    -0.4748586118221283
  ],
  "true_label": 0
}