{
  "x_sample": [
    0.6054076552391052,
    -0.27081671357154846,
    -0.28788137435913086,
    0.4910098612308502,
    -0.47622478008270264
  ],
  "true_label": 0
}