{
  "x_sample": [
    0.633407473564148,
    0.49053314328193665,
    0.009225630201399326,
    0.46531081199645996,
    -0.4799571633338928
  ],
  "true_label": 0
}