{
  "x_sample": [
    0.6706416010856628,
    -0.23006471991539001,
    -0.389074444770813,
    0.4799215793609619,
    -0.4939737617969513
  ],
  "true_label": 0
}