{
  "x_sample": [
    0.6152251362800598,
    -0.09554921090602875,
    0.08404548466205597,
    0.450207382440567,
    -0.4956342875957489
  ],
  "true_label": 0
}