{
  "x_sample": [
    0.6773867011070251,
    -0.4032428562641144,
    0.04612524062395096,
    0.473440021276474,
    -0.49747782945632935
  ],
  "true_label": 0
}