{
  "x_sample": [
    0.6342089176177979,
    0.1503831446170807,
    0.37081629037857056,
    0.4732131361961365,
    -0.453330397605896
  ],
  "true_label": 0
}