{
  "x_sample": [
    0.6533852219581604,
    -0.20533797144889832,
    -0.39873698353767395,
    0.4698215126991272,
    -0.4776845872402191
  ],
  "true_label": 0
}