{
  "x_sample": [
    0.6777900457382202,
    -0.15248985588550568,
    0.02039594016969204,
    0.48348820209503174,
    -0.46416810154914856
  ],
  "true_label": 0
}