{
  "x_sample": [
    0.6618779301643372,
    -0.011025253683328629,
    -0.39678823947906494,
    0.49979469180107117,
    -0.45348918437957764
  ],
  "true_label": 0
}