{
  "x_sample": [
    0.6480820775032043,
    -0.31356072425842285,
    -0.4931832551956177,
    0.45718491077423096,
    -0.4890989363193512
  ],
  "true_label": 0
}