{
  "x_sample": [
    0.6254764795303345,
    -0.1822805404663086,
    0.4174128770828247,
    0.4657186269760132,
    -0.46268364787101746
  ],
  "true_label": 0
}