{
  "x_sample": [
    0.6650063395500183,
    -0.08209485560655594,
    0.028369389474391937,
    0.47254478931427,
    -0.4619449973106384
  ],
  "true_label": 0
}