{
  "x_sample": [
    0.6725890636444092,
    0.2813856303691864,
    -0.3740806579589844,
    0.4823129177093506,
    -0.462600439786911
  ],
  "true_label": 0
}