{
  "x_sample": [
    0.652475893497467,
    -0.3200451731681824,
    -0.26646876335144043,
    0.49663326144218445,
    -0.46409597992897034
  ],
  "true_label": 0
}