{
  "x_sample": [
    0.6041925549507141,
    0.2065480351448059,
    0.4258118271827698,
    0.4713284969329834,
    -0.4513495862483978
  ],
  "true_label": 0
}