{
  "x_sample": [
    0.6104465126991272,
    -0.48725205659866333,
    0.2763203978538513,
    0.4687218964099884,
    -0.47679147124290466
  ],
  "true_label": 0
}