{
  "x_sample": [
    0.6416918039321899,
    0.16991493105888367,
    0.31953176856040955,
    0.45934760570526123,
    -0.4582640826702118
  ],
  "true_label": 0
}