{
  "x_sample": [
    0.6393497586250305,
    -0.43737515807151794,
    -0.13465797901153564,
    0.45595473051071167,
    -0.48239484429359436
  ],
  "true_label": 0
}