{
  "x_sample": [
    0.6155775189399719,
    0.15059354901313782,
    -0.08008069545030594,
    0.4622916877269745,
    -0.4708216190338135
  ],
  "true_label": 0
}