{
  "x_sample": [
    0.6038357019424438,
    0.42346489429473877,
    -0.19481778144836426,
    0.48910191655158997,
    -0.49779176712036133
  ],
  "true_label": 0
}