{
  "x_sample": [
    0.6586382389068604,
    -0.44254064559936523,
    -0.47730761766433716,
    0.4795368015766144,
    -0.47672662138938904
  ],
  "true_label": 0
}