{
  "x_sample": [
    0.6418985724449158,
    -0.3622906804084778,
    0.07099950313568115,
    0.46676895022392273,
    -0.4854378402233124
  ],
  "true_label": 0
}