{
  "x_sample": [
    0.6759697794914246,
    -0.04152083396911621,
    0.2781720757484436,
    0.47181615233421326,
    -0.49103525280952454
  ],
  "true_label": 0
}