{
  "x_sample": [
    0.6595985889434814,
    0.48946237564086914,
    7.362846372416243e-05,
    0.47317028045654297,
    -0.4605581760406494
  ],
  "true_label": 0
}