{
  "x_sample": [
    0.6022108793258667,
    -0.2215491533279419,
    -0.07259685546159744,
    0.49615150690078735,
    -0.45318418741226196
  ],
  "true_label": 0
}