{
  "x_sample": [
    0.6049014329910278,
    0.44370388984680176,
    0.35160860419273376,
    0.4700477123260498,
    -0.49269917607307434
  ],
  "true_label": 0
}