{
  "x_sample": [
    0.6658125519752502,
    0.3300848603248596,
    0.11348150670528412,
    0.4511737823486328,
    -0.4520743489265442
  ],
  "true_label": 0
}