{
  "x_sample": [
    0.6354965567588806,
    -0.41837581992149353,
    0.23671481013298035,
    0.4543563425540924,
    -0.4843687415122986
  ],
  "true_label": 0
}