{
  "x_sample": [
    0.6038454174995422,
    0.1084461584687233,
    0.4092206656932831,
    0.49875375628471375,
    -0.48464399576187134
  ],
  "true_label": 0
}