{
  "x_sample": [
    0.6346062421798706,
    0.377625972032547,
    0.49570655822753906,
    0.4550720155239105,
    -0.49599453806877136
  ],
  "true_label": 0
}