{
  "x_sample": [
    0.6495525240898132,
    0.08985809981822968,
    -0.4056447446346283,
    0.460218220949173,
    -0.48342862725257874
  ],
  "true_label": 0
}