{
  "x_sample": [
    0.6024507880210876,
    -0.2350200116634369,
    -0.14380982518196106,
    0.49853256344795227,
    -0.4595254361629486
  ],
  "true_label": 0
}