{
  "x_sample": [
    0.6430115699768066,
    0.23306819796562195,
    0.34736689925193787,
    0.48859545588493347,
    -0.45976147055625916
  ],
  "true_label": 0
}