{
  "x_sample": [
    0.6467356085777283,
    0.09568775445222855,
    0.44452333450317383,
    0.4625287353992462,
    -0.4719821512699127
  ],
  "true_label": 0
}