{
  "x_sample": [
    0.6362929940223694,
    -0.05324835330247879,
    0.07578350603580475,
    0.48485350608825684,
    -0.4696691334247589
  ],
  "true_label": 0
}