{
  "x_sample": [
    0.6200615763664246,
    -0.012612207792699337,
    -0.302649587392807,
    0.4964536428451538,
    -0.48248517513275146
  ],
  "true_label": 0
}