{
  "x_sample": [
    0.6079394817352295,
    -0.029419325292110443,
    -0.18710021674633026,
    0.47135472297668457,
    -0.4591408967971802
  ],
  "true_label": 0
}