{
  "x_sample": [
    0.6203635931015015,
    -0.2930228114128113,
    -0.1867753118276596,
    0.4868817925453186,
    -0.450324147939682
  ],
  "true_label": 0
}