{
  "x_sample": [
    0.6770201325416565,
    0.10117772221565247,
    0.20725420117378235,
    0.4829038679599762,
    -0.4535280466079712
  ],
  "true_label": 0
}