{
  "x_sample": [
    0.6650242209434509,
    0.3577166795730591,
    0.40197479724884033,
    0.4510017931461334,
    -0.48852765560150146
  ],
  "true_label": 0
}