{
  "x_sample": [
    0.6113724112510681,
    -0.43923988938331604,
    -0.32190075516700745,
    0.45811960101127625,
    -0.4704833924770355
  ],
  "true_label": 0
}