{
  "x_sample": [
    0.6590360999107361,
    0.30573776364326477,
    0.3149676024913788,
    0.4891628921031952,
    -0.4725341796875
  ],
  "true_label": 0
}