{
  "x_sample": [
    0.6516779065132141,
    -0.03403116390109062,
    0.40973177552223206,
    0.4995418190956116,
    -0.4854751229286194
  ],
  "true_label": 0
}