{
  "x_sample": [
    0.670159637928009,
    -0.01141966413706541,
    0.3680250942707062,
    0.4750458896160126,
    -0.48055300116539
  ],
  "true_label": 0
}