{
  "x_sample": [
    0.6401481628417969,
    0.28463226556777954,
    -0.328397274017334,
    0.47593098878860474,
    -0.48847314715385437
  ],
  "true_label": 0
}