{
  "x_sample": [
    0.6166554093360901,
    -0.18518078327178955,
    0.2282959520816803,
    0.45735809206962585,
    -0.4500364363193512
  ],
  "true_label": 0
}