{
  "x_sample": [
    0.6339547038078308,
    -0.0991756021976471,
    0.4080452620983124,
    0.48029980063438416,
    -0.46412771940231323
  ],
  "true_label": 0
}