{
  "x_sample": [
    0.6784865260124207,
    0.27398917078971863,
    0.013350450433790684,
    0.46701347827911377,
    -0.46356508135795593
  ],
  "true_label": 0
}