{
  "x_sample": [
    0.6796471476554871,
    -0.20423267781734467,
    0.3565433919429779,
    0.49501752853393555,
    -0.46579527854919434
  ],
  "true_label": 0
}