{
  "x_sample": [
    0.6161818504333496,
    0.21586887538433075,
    -0.02412174828350544,
    0.4746400713920593,
    -0.4988331198692322
  ],
  "true_label": 0
}