{
  "x_sample": [
    0.6796936988830566,
    -0.1362438052892685,
    -0.26842743158340454,
    0.46995237469673157,
    -0.49715307354927063
  ],
  "true_label": 0
}