{
  "x_sample": [
    0.612318754196167,
    0.20766426622867584,
    -0.3796572983264923,
    0.4564788043498993,
    -0.45475345849990845
  ],
  "true_label": 0
}