{
  "x_sample": [
    0.6569862365722656,
    0.17411665618419647,
    -0.4050982892513275,
    0.4515393376350403,
    -0.4582236707210541
  ],
  "true_label": 0
}