{
  "x_sample": [
    0.6184624433517456,
    -0.16089367866516113,
    -0.13461214303970337,
    0.4506516456604004,
    -0.48747700452804565
  ],
  "true_label": 0
}