{
  "x_sample": [
    0.6337441205978394,
    -0.4875827133655548,
    -0.13139492273330688,
    0.45808207988739014,
    -0.492147833108902
  ],
  "true_label": 0
}