{
  "x_sample": [
    0.6129478812217712,
    -0.41353556513786316,
    0.27384746074676514,
    0.4702760577201843,
    -0.49683764576911926
  ],
  "true_label": 0
}