{
  "x_sample": [
    0.6130645275115967,
    -0.2018410563468933,
    -0.479317307472229,
    0.46467697620391846,
    -0.49029824137687683
  ],
  "true_label": 0
}