{
  "x_sample": [
    0.601885199546814,
    -0.19487205147743225,
    0.3744640648365021,
    0.4948972165584564,
    -0.4763544797897339
  ],
  "true_label": 0
}