{
  "x_sample": [
    0.6467112898826599,
    0.21743516623973846,
    0.18878935277462006,
    0.475421667098999,
    -0.4661366045475006
  ],
  "true_label": 0
}