{
  "x_sample": [
    0.6625332236289978,
    0.43606385588645935,
    0.1346336156129837,
    0.4598046839237213,
    -0.46666693687438965
  ],
  "true_label": 0
}