{
  "x_sample": [
    0.6767220497131348,
    0.08949068188667297,
    -0.06948648393154144,
    0.4689764380455017,
    -0.45474907755851746
  ],
  "true_label": 0
}