{
  "x_sample": [
    0.640503466129303,
    -0.4292333424091339,
    -0.04623723030090332,
    0.4603409171104431,
    -0.4782824218273163
  ],
  "true_label": 0
}