{
  "x_sample": [
    0.6367763876914978,
    -0.29158708453178406,
    -0.3625127673149109,
    0.4946816563606262,
    -0.49142593145370483
  ],
  "true_label": 0
}