{
  "x_sample": [
    0.6332713961601257,
    -0.4272628426551819,
    0.4503258168697357,
    0.45299652218818665,
    -0.48282143473625183
  ],
  "true_label": 0
}