{
  "x_sample": [
    0.6283064484596252,
    0.27982717752456665,
    -0.3151341676712036,
    0.4719470143318176,
    -0.4506312906742096
  ],
  "true_label": 0
}