{
  "x_sample": [
    0.6511809229850769,
    0.47268936038017273,
    -0.3055274784564972,
    0.4544941484928131,
    -0.4758172929286957
  ],
  "true_label": 0
}