{
  "x_sample": [
    0.6430990695953369,
    -0.07034116983413696,
    -0.051725272089242935,
    0.4537457525730133,
    -0.4678189158439636
  ],
  "true_label": 0
}