{
  "x_sample": [
    0.6299459934234619,
    0.2516666650772095,
    0.3802623748779297,
    0.45533987879753113,
    -0.46189746260643005
  ],
  "true_label": 0
}