{
  "x_sample": [
    0.6349585056304932,
    0.030445359647274017,
    -0.23489387333393097,
    0.49632173776626587,
    -0.4859335124492645
  ],
  "true_label": 0
}