{
  "x_sample": [
    0.6303626298904419,
    0.2177717685699463,
    0.07114988565444946,
    0.4890995919704437,
    -0.4660865068435669
  ],
  "true_label": 0
}