{
  "x_sample": [
    0.666143000125885,
    -0.43630251288414,
    -0.45030421018600464,
    0.46710115671157837,
    -0.4745338261127472
  ],
  "true_label": 0
}