{
  "x_sample": [
    0.6096245646476746,
    -0.3192708194255829,
    0.15341176092624664,
    0.46930545568466187,
    -0.4794233441352844
  ],
  "true_label": 0
}