{
  "x_sample": [
    0.67698073387146,
    -0.4942687153816223,
    -0.15717916190624237,
    0.4608657658100128,
    -0.4870433509349823
  ],
  "true_label": 0
}