{
  "x_sample": [
    0.6009959578514099,
    -0.05885621905326843,
    0.239067941904068,
    0.4635266661643982,
    -0.45632264018058777
  ],
  "true_label": 0
}