{
  "x_sample": [
    0.6040326952934265,
    -0.3166060447692871,
    -0.35781657695770264,
    0.4800224006175995,
    -0.46954548358917236
  ],
  "true_label": 0
}