{
  "x_sample": [
    0.6788563132286072,
    -0.3545646369457245,
    -0.002310320036485791,
    0.4908774197101593,
    -0.4815755784511566
  ],
  "true_label": 0
}