{
  "x_sample": [
    0.609760046005249,
    0.433830589056015,
    -0.4459589719772339,
    0.4559505581855774,
    -0.4912092089653015
  ],
  "true_label": 0
}