{
  "x_sample": [
    0.6024469137191772,
    -0.4073184132575989,
    0.3861519992351532,
    0.458362340927124,
    -0.49669352173805237
  ],
  "true_label": 0
}