{
  "x_sample": [
    0.6113958954811096,
    0.4893936216831207,
    0.3107455372810364,
    0.4548409879207611,
    -0.460395485162735
  ],
  "true_label": 0
}