{
  "x_sample": [
    0.6232128739356995,
    -0.44376060366630554,
    0.2400369644165039,
    0.48662444949150085,
    -0.46778634190559387
  ],
  "true_label": 0
}