{
  "x_sample": [
    0.6474149823188782,
    0.3385443091392517,
    0.1406739205121994,
    0.4543647766113281,
    -0.4532543420791626
  ],
  "true_label": 0
}