{
  "x_sample": [
    0.6057496666908264,
    -0.10502989590167999,
    0.19491955637931824,
    0.4783477783203125,
    -0.4722512662410736
  ],
  "true_label": 0
}