{
  "x_sample": [
    0.6435437798500061,
    -0.07641098648309708,
    -0.15140940248966217,
    0.49844613671302795,
    -0.4583645164966583
  ],
  "true_label": 0
}