{
  "x_sample": [
    0.608396589756012,
    -0.1639038771390915,
    0.3721734285354614,
    0.4673113524913788,
    -0.46763142943382263
  ],
  "true_label": 0
}