{
  "x_sample": [
    0.6056726574897766,
    0.17225493490695953,
    0.17710556089878082,
    0.4522140622138977,
    -0.465425044298172
  ],
  "true_label": 0
}