{
  "x_sample": [
    0.6189936399459839,
    0.013523553498089314,
    0.07418537139892578,
    0.4929118752479553,
    -0.45106425881385803
  ],
  "true_label": 0
}