{
  "x_sample": [
    0.6282476782798767,
    -0.35284143686294556,
    0.3579195737838745,
    0.47120070457458496,
    -0.4782749116420746
  ],
  "true_label": 0
}