{
  "x_sample": [
    0.6127832531929016,
    -0.276032954454422,
    0.022136595100164413,
    0.46259447932243347,
    -0.4662841260433197
  ],
  "true_label": 0
}