{
  "x_sample": [
    0.6152865886688232,
    -0.2127034068107605,
    -0.1443036049604416,
    0.46776020526885986,
    -0.47770631313323975
  ],
  "true_label": 0
}