{
  "x_sample": [
    0.6746203899383545,
    0.20139050483703613,
    0.30493712425231934,
    0.4628794193267822,
    -0.49441826343536377
  ],
  "true_label": 0
}