{
  "x_sample": [
    0.673119306564331,
    0.1834801584482193,
    0.35357633233070374,
    0.49349310994148254,
    -0.49362704157829285
  ],
  "true_label": 0
}