{
  "x_sample": [
    0.6752237677574158,
    -0.19389155507087708,
    0.18359072506427765,
    0.4516688883304596,
    -0.47858643531799316
  ],
  "true_label": 0
}