{
  "x_sample": [
    0.6712450981140137,
    0.01616334542632103,
    0.15376479923725128,
    0.452523410320282,
    -0.45174840092658997
  ],
  "true_label": 0
}