{
  "x_sample": [
    0.6064642667770386,
    -0.237723246216774,
    -0.17683111131191254,
    0.4808650016784668,
    -0.4711242914199829
  ],
  "true_label": 0
}