{
  "x_sample": [
    0.6341744065284729,
    -0.12162265926599503,
    -0.2162582278251648,
    0.48900654911994934,
    -0.4537542164325714
  ],
  "true_label": 0
}