{
  "x_sample": [
    0.6544186472892761,
    -0.03295395150780678,
    -0.18726274371147156,
    0.45073965191841125,
    -0.47411930561065674
  ],
  "true_label": 0
}