{
  "x_sample": [
    0.6610587239265442,
    0.47739163041114807,
    0.4858478009700775,
    0.4861249029636383,
    -0.4607323408126831
  ],
  "true_label": 0
}