{
  "x_sample": [
    0.6333733201026917,
    -0.49859538674354553,
    -0.3066561222076416,
    0.49766483902931213,
    -0.45680752396583557
  ],
  "true_label": 0
}