{
  "x_sample": [
    0.6523060202598572,
    0.36919116973876953,
    0.41101863980293274,
    0.4628920257091522,
    -0.4854854345321655
  ],
  "true_label": 0
}