{
  "x_sample": [
    0.6108754873275757,
    0.46932297945022583,
    -0.39093202352523804,
    0.46716684103012085,
    -0.4841553270816803
  ],
  "true_label": 0
}