{
  "x_sample": [
    0.6729710698127747,
    -0.05923314765095711,
    -0.3167659044265747,
    0.47173938155174255,
    -0.47683560848236084
  ],
  "true_label": 0
}