{
  "x_sample": [
    0.6123592853546143,
    -0.05332735553383827,
    -0.20914232730865479,
    0.46737462282180786,
    -0.4875614643096924
  ],
  "true_label": 0
}