{
  "x_sample": [
    0.64776211977005,
    -0.1515623778104782,
    0.2383813112974167,
    0.4865316152572632,
    -0.45868387818336487
  ],
  "true_label": 0
}