{
  "x_sample": [
    0.6106317043304443,
    0.08293724805116653,
    -0.2076025754213333,
    0.4944678544998169,
    -0.46865978837013245
  ],
  "true_label": 0
}