{
  "x_sample": [
    0.627413272857666,
    -0.09658758342266083,
    0.26184093952178955,
    0.47423791885375977,
    -0.4559904932975769
  ],
  "true_label": 0
}