{
  "x_sample": [
    0.6575462222099304,
    -0.49280187487602234,
    0.164155974984169,
    0.4887807071208954,
    -0.48501959443092346
  ],
  "true_label": 0
}