{
  "x_sample": [
    0.6620162129402161,
    0.06667696684598923,
    -0.09994585812091827,
    0.4707365036010742,
    -0.49403032660484314
  ],
  "true_label": 0
}