{
  "x_sample": [
    0.6066744327545166,
    0.030092980712652206,
    0.315910279750824,
    0.49802201986312866,
    -0.48371970653533936
  ],
  "true_label": 0
}