{
  "x_sample": [
    0.6142622232437134,
    0.056098099797964096,
    0.3298284411430359,
    0.46881598234176636,
    -0.49208346009254456
  ],
  "true_label": 0
}