{
  "x_sample": [
    0.6633139252662659,
    -0.14332084357738495,
    -0.43725213408470154,
    0.49549540877342224,
    -0.4833347201347351
  ],
  "true_label": 0
}