{
  "x_sample": [
    0.649796187877655,
    -0.014156416058540344,
    0.4455631673336029,
    0.4531477987766266,
    -0.4828338921070099
  ],
  "true_label": 0
}