{
  "x_sample": [
    0.6033707857131958,
    0.413910448551178,
    -0.007260102778673172,
    0.4728381633758545,
    -0.46780896186828613
  ],
  "true_label": 0
}