{
  "x_sample": [
    0.6677642464637756,
    0.4272574186325073,
    0.3144683241844177,
    0.4562041759490967,
    -0.46594443917274475
  ],
  "true_label": 0
}