{
  "x_sample": [
    0.6629334092140198,
    0.47409796714782715,
    -0.38597333431243896,
    0.49170464277267456,
    -0.4809916019439697
  ],
  "true_label": 0
}