{
  "x_sample": [
    0.6214714050292969,
    0.15423516929149628,
    0.14929117262363434,
    0.48372575640678406,
    -0.46109744906425476
  ],
  "true_label": 0
}