{
  "x_sample": [
    0.6789716482162476,
    -0.4242168664932251,
    -0.3639984726905823,
    0.47367051243782043,
    -0.47317734360694885
  ],
  "true_label": 0
}