{
  "x_sample": [
    0.6343322396278381,
    -0.32003867626190186,
    -0.3371069133281708,
    0.48890024423599243,
    -0.45012882351875305
  ],
  "true_label": 0
}