{
  "x_sample": [
    0.6213977336883545,
    0.428867906332016,
    0.1407380998134613,
    0.45437175035476685,
    -0.4937601089477539
  ],
  "true_label": 0
}