{
  "x_sample": [
    0.609743058681488,
    0.3324509561061859,
    -0.24514178931713104,
    0.4922534227371216,
    -0.46011433005332947
  ],
  "true_label": 0
}