{
  "x_sample": [
    0.6018351316452026,
    0.4097680151462555,
    -0.15358580648899078,
    0.4851227104663849,
    -0.45407944917678833
  ],
  "true_label": 0
}