{
  "x_sample": [
    0.6263970732688904,
    -0.2253432720899582,
    0.4211917221546173,
    0.4914434552192688,
    -0.4783499240875244
  ],
  "true_label": 0
}