{
  "x_sample": [
    0.6694036722183228,
    -0.3433941602706909,
    0.4178136885166168,
    0.4615427553653717,
    -0.4987344443798065
  ],
  "true_label": 0
}