{
  "x_sample": [
    0.6684021353721619,
    0.08727611601352692,
    0.3540891408920288,
    0.49031078815460205,
    -0.47715720534324646
  ],
  "true_label": 0
}