{
  "x_sample": [
    0.6447880268096924,
    -0.17810404300689697,
    0.07555776089429855,
    0.47636812925338745,
    -0.46864691376686096
  ],
  "true_label": 0
}