{
  "x_sample": [
    0.6690874099731445,
    -0.30815640091896057,
    0.4238676130771637,
    0.4707741141319275,
    -0.4785520136356354
  ],
  "true_label": 0
}