{
  "x_sample": [
    0.6361005902290344,
    0.00513745192438364,
    0.4860363304615021,
    0.466887891292572,
    -0.4688947796821594
  ],
  "true_label": 0
}