{
  "x_sample": [
    0.6243752837181091,
    0.47989508509635925,
    0.02046400122344494,
    0.46843966841697693,
    -0.45144015550613403
  ],
  "true_label": 0
}