{
  "x_sample": [
    0.6415700912475586,
    0.16016730666160583,
    0.4408682584762573,
    0.4847530126571655,
    -0.4787083864212036
  ],
  "true_label": 0
}