{
  "x_sample": [
    0.6111182570457458,
    -0.4020279347896576,
    0.24678035080432892,
    0.46280255913734436,
    -0.4900079667568207
  ],
  "true_label": 0
}