{
  "x_sample": [
    0.6192570328712463,
    -0.34290701150894165,
    -0.45936447381973267,
    0.4907316267490387,
    -0.4544190466403961
  ],
  "true_label": 0
}