{
  "x_sample": [
    0.6522470712661743,
    0.027806423604488373,
    -0.034815263003110886,
    0.48087769746780396,
    -0.49010998010635376
  ],
  "true_label": 0
}