{
  "x_sample": [
    0.6008164286613464,
    0.46371719241142273,
    -0.4794721007347107,
    0.48540565371513367,
    -0.4608551859855652
  ],
  "true_label": 0
}