{
  "x_sample": [
    0.6693673133850098,
    0.4312114119529724,
    -0.13412335515022278,
    0.48968058824539185,
    -0.4865435063838959
  ],
  "true_label": 0
}