{
  "x_sample": [
    0.6434603929519653,
    -0.4682246148586273,
    0.21172674000263214,
    0.4963724911212921,
    -0.4898262321949005
  ],
  "true_label": 0
}