{
  "x_sample": [
    0.6190589070320129,
    -0.14777761697769165,
    -0.44316282868385315,
    0.45462608337402344,
    -0.476948082447052
  ],
  "true_label": 0
}