{
  "x_sample": [
    0.6641091108322144,
    0.46763816475868225,
    0.10870363563299179,
    0.4743594527244568,
    -0.47807076573371887
  ],
  "true_label": 0
}