{
  "x_sample": [
    0.6531063914299011,
    -0.2748108208179474,
    -0.009859239682555199,
    0.4598143696784973,
    -0.4635370969772339
  ],
  "true_label": 0
}