{
  "x_sample": [
    0.6730265021324158,
    -0.14125071465969086,
    0.34088650345802307,
    0.4929139018058777,
    -0.4614524841308594
  ],
  "true_label": 0
}