{
  "x_sample": [
    0.6724764704704285,
    0.07838558405637741,
    0.056480396538972855,
    0.4986676275730133,
    -0.4951682686805725
  ],
  "true_label": 0
}