{
  "x_sample": [
    0.6407668590545654,
    0.30729758739471436,
    -0.16823060810565948,
    0.47962686419487,
    -0.48254555463790894
  ],
  "true_label": 0
}