{
  "x_sample": [
    0.6776154637336731,
    0.4797779619693756,
    -0.1619683802127838,
    0.4892910420894623,
    -0.47010302543640137
  ],
  "true_label": 0
}