{
  "x_sample": [
    0.6590890288352966,
    -0.18473759293556213,
    -0.04423975199460983,
    0.46432894468307495,
    -0.4848299026489258
  ],
  "true_label": 0
}