{
  "x_sample": [
    0.6295501589775085,
    0.09540654718875885,
    0.3198187053203583,
    0.4686654508113861,
    -0.45421862602233887
  ],
  "true_label": 0
}