{
  "x_sample": [
    0.647237241268158,
    0.3709450364112854,
    -0.03744499757885933,
    0.4696226119995117,
    -0.4519907236099243
  ],
  "true_label": 0
}