{
  "x_sample": [
    0.6252325773239136,
    0.12245357781648636,
    0.10990679264068604,
    0.4503042995929718,
    -0.47390905022621155
  ],
  "true_label": 0
}