{
  "x_sample": [
    0.6553976535797119,
    0.3491319417953491,
    -0.43322089314460754,
    0.46414437890052795,
    -0.4815273582935333
  ],
  "true_label": 0
}