{
  "x_sample": [
    0.6028648614883423,
    -0.2940666973590851,
    0.3756197392940521,
    0.49607712030410767,
    -0.4674834907054901
  ],
  "true_label": 0
}