{
  "x_sample": [
    0.6717550158500671,
    -0.3122963309288025,
    -0.19038377702236176,
    0.4777721166610718,
    -0.4686851501464844
  ],
  "true_label": 0
}