{
  "x_sample": [
    0.6424325704574585,
    -0.18986906111240387,
    0.362850159406662,
    0.48837968707084656,
    -0.4590502679347992
  ],
  "true_label": 0
}