{
  "x_sample": [
    0.6078891158103943,
    -0.4147737920284271,
    -0.11761558800935745,
    0.46074843406677246,
    -0.47251635789871216
  ],
  "true_label": 0
}