{
  "x_sample": [
    0.6602296233177185,
    -0.12165078520774841,
    -0.27040353417396545,
    0.46865156292915344,
    -0.45729681849479675
  ],
  "true_label": 0
}