{
  "x_sample": [
    0.6766958832740784,
    -0.46448349952697754,
    -0.1129697784781456,
    0.46038249135017395,
    -0.45537427067756653
  ],
  "true_label": 0
}