{
  "x_sample": [
    0.6595488786697388,
    0.37988096475601196,
    0.36896011233329773,
    0.4920349717140198,
    -0.4850653409957886
  ],
  "true_label": 0
}