{
  "x_sample": [
    0.615595817565918,
    0.1827249825000763,
    0.46220436692237854,
    0.45711657404899597,
    -0.45801785588264465
  ],
  "true_label": 0
}