{
  "x_sample": [
    0.6651502251625061,
    0.019060982391238213,
    -0.31964918971061707,
    0.4542366564273834,
    -0.46832022070884705
  ],
  "true_label": 0
}