{
  "x_sample": [
    0.648411750793457,
    0.44903767108917236,
    0.308482825756073,
    0.46174976229667664,
    -0.48376572132110596
  ],
  "true_label": 0
}