{
  "x_sample": [
    0.6427440643310547,
    0.021843569353222847,
    -0.32995542883872986,
    0.48105180263519287,
    -0.49081647396087646
  ],
  "true_label": 0
}