{
  "x_sample": [
    0.6283794045448303,
    0.14633093774318695,
    -0.010369366966187954,
    0.45476600527763367,
    -0.4568343162536621
  ],
  "true_label": 0
}