{
  "x_sample": [
    0.6011970639228821,
    -0.34420108795166016,
    -0.48869946599006653,
    0.48066216707229614,
    -0.47449877858161926
  ],
  "true_label": 0
}