{
  "x_sample": [
    0.6192351579666138,
    -0.3332582712173462,
    -0.2419314831495285,
    0.46062129735946655,
    -0.4703892171382904
  ],
  "true_label": 0
}