{
  "x_sample": [
    0.6621458530426025,
    -0.2149936556816101,
    -0.42343372106552124,
    0.46548405289649963,
    -0.4951687157154083
  ],
  "true_label": 0
}