{
  "x_sample": [
    0.6358602046966553,
    0.004950912669301033,
    -0.22590364515781403,
    0.4770331382751465,
    -0.4790419638156891
  ],
  "true_label": 0
}