{
  "x_sample": [
    0.6277536749839783,
    -0.36124709248542786,
    0.2220284640789032,
    0.48916324973106384,
    -0.46204864978790283
  ],
  "true_label": 0
}