{
  "x_sample": [
    0.6591373682022095,
    0.22868762910366058,
    0.48984354734420776,
    0.4535544514656067,
    -0.4665185809135437
  ],
  "true_label": 0
}