{
  "x_sample": [
    0.6111818552017212,
    0.3013354241847992,
    -0.4002552926540375,
    0.46785756945610046,
    -0.458384245634079
  ],
  "true_label": 0
}