{
  "x_sample": [
    0.6560447216033936,
    -0.05506014823913574,
    0.2257159948348999,
    0.4982084035873413,
    -0.47439172863960266
  ],
  "true_label": 0
}