{
  "x_sample": [
    0.6486852765083313,
    -0.05517631769180298,
    0.365929514169693,
    0.48402684926986694,
    -0.4604945778846741
  ],
  "true_label": 0
}