{
  "x_sample": [
    0.6333034634590149,
    -0.1325656771659851,
    -0.025486355647444725,
    0.4938250184059143,
    -0.45250192284584045
  ],
  "true_label": 0
}