{
  "x_sample": [
    0.6366408467292786,
    0.3006467819213867,
    -0.04923062026500702,
    0.46094346046447754,
    -0.46814751625061035
  ],
  "true_label": 0
}