{
  "x_sample": [
    0.6712912321090698,
    0.2928481101989746,
    0.42653748393058777,
    0.49000129103660583,
    -0.4504343569278717
  ],
  "true_label": 0
}