{
  "x_sample": [
    0.6386597156524658,
    -0.16248805820941925,
    -0.1989298313856125,
    0.49840450286865234,
    -0.4648410975933075
  ],
  "true_label": 0
}