{
  "x_sample": [
    0.6223888993263245,
    -0.059061720967292786,
    0.2730150818824768,
    0.47944873571395874,
    -0.46048057079315186
  ],
  "true_label": 0
}