{
  "x_sample": [
    0.6491180658340454,
    0.4138961434364319,
    0.44333013892173767,
    0.4694260060787201,
    -0.4821094274520874
  ],
  "true_label": 0
}