{
  "x_sample": [
    0.6020023822784424,
    -0.3841998279094696,
    -0.429277241230011,
    0.4578500986099243,
    -0.47523537278175354
  ],
  "true_label": 0
}