{
  "x_sample": [
    0.6602293252944946,
    0.3406105637550354,
    0.2568419277667999,
    0.4692082703113556,
    -0.4693918228149414
  ],
  "true_label": 0
}