{
  "x_sample": [
    0.670092761516571,
    -0.40372928977012634,
    0.26135241985321045,
    0.48739805817604065,
    -0.4851993918418884
  ],
  "true_label": 0
}