{
  "x_sample": [
    0.6464874744415283,
    0.009138335473835468,
    0.47925227880477905,
    0.4537484347820282,
    -0.47194305062294006
  ],
  "true_label": 0
}