{
  "x_sample": [
    0.6288402676582336,
    -0.4098253846168518,
    0.2635079026222229,
    0.4588667154312134,
    -0.47591423988342285
  ],
  "true_label": 0
}