{
  "x_sample": [
    0.6756444573402405,
    -0.3621937036514282,
    0.032428767532110214,
    0.49709585309028625,
    -0.47060316801071167
  ],
  "true_label": 0
}