{
  "x_sample": [
    0.6282607316970825,
    0.01899496652185917,
    -0.05236586555838585,
    0.4669933021068573,
    -0.4983058571815491
  ],
  "true_label": 0
}