{
  "x_sample": [
    0.6116200089454651,
    -0.39734557271003723,
    -0.14785762131214142,
    0.4914955198764801,
    -0.46053487062454224
  ],
  "true_label": 0
}