{
  "x_sample": [
    0.6328142285346985,
    -0.4020250737667084,
    0.2238140106201172,
    0.47265559434890747,
    -0.4725850522518158
  ],
  "true_label": 0
}