{
  "x_sample": [
    0.6737458109855652,
    0.42483779788017273,
    0.36632275581359863,
    0.48826926946640015,
    -0.49824878573417664
  ],
  "true_label": 0
}