{
  "x_sample": [
    0.6347054243087769,
    -0.021868711337447166,
    0.22306326031684875,
    0.49641257524490356,
    -0.48257315158843994
  ],
  "true_label": 0
}