{
  "x_sample": [
    0.6658092737197876,
    -0.43275025486946106,
    0.10058410465717316,
    0.46174558997154236,
    -0.4562795162200928
  ],
  "true_label": 0
}