{
  "x_sample": [
    0.672666072845459,
    0.07031470537185669,
    -0.30206021666526794,
    0.47714513540267944,
    -0.47993335127830505
  ],
  "true_label": 0
}