{
  "x_sample": [
    0.6040194630622864,
    0.17335470020771027,
    -0.31431707739830017,
    0.45155322551727295,
    -0.4806046485900879
  ],
  "true_label": 0
}