{
  "x_sample": [
    0.614590048789978,
    0.46325212717056274,
    -0.02897650934755802,
    0.47431138157844543,
    -0.48087599873542786
  ],
  "true_label": 0
}