{
  "x_sample": [
    0.67836993932724,
    0.4847615659236908,
    0.4430101811885834,
    0.4761739671230316,
    -0.47642529010772705
  ],
  "true_label": 0
}