{
  "x_sample": [
    0.6569411158561707,
    0.017988406121730804,
    -0.3141396641731262,
    0.464458703994751,
    -0.4659113585948944
  ],
  "true_label": 0
}