{
  "x_sample": [
    0.6649426817893982,
    0.09802170097827911,
    0.24876193702220917,
    0.4819280505180359,
    -0.4753853380680084
  ],
  "true_label": 0
}