{
  "x_sample": [
    0.6612617373466492,
    -0.35126110911369324,
    0.18066182732582092,
    0.47238433361053467,
    -0.49632081389427185
  ],
  "true_label": 0
}