{
  "x_sample": [
    0.6206451058387756,
    0.44723471999168396,
    -0.2845163345336914,
    0.4615837037563324,
    -0.4832472503185272
  ],
  "true_label": 0
}