{
  "x_sample": [
    0.6686667799949646,
    -0.04298603907227516,
    -0.18583489954471588,
    0.4729713797569275,
    -0.4866352081298828
  ],
  "true_label": 0
}