{
  "x_sample": [
    0.6641778945922852,
    0.31825512647628784,
    -0.11571860313415527,
    0.4685747027397156,
    -0.4976028800010681
  ],
  "true_label": 0
}