{
  "x_sample": [
    0.6454370021820068,
    0.05195571854710579,
    0.030802130699157715,
    0.46487000584602356,
    -0.49436846375465393
  ],
  "true_label": 0
}