{
  "x_sample": [
    0.6785904169082642,
    -0.48961132764816284,
    0.46647870540618896,
    0.4585447311401367,
    -0.4565572440624237
  ],
  "true_label": 0
}