{
  "x_sample": [
    0.672875702381134,
    -0.4342552125453949,
    -0.021988341584801674,
    0.4856320023536682,
    -0.4604368507862091
  ],
  "true_label": 0
}