{
  "x_sample": [
    0.6778371334075928,
    -0.388461709022522,
    -0.12810829281806946,
    0.476819783449173,
    -0.46155425906181335
  ],
  "true_label": 0
}