{
  "x_sample": [
    0.6240934729576111,
    0.4334862530231476,
    -0.14360667765140533,
    0.4788070321083069,
    -0.46547791361808777
  ],
  "true_label": 0
}