{
  "x_sample": [
    0.6583366990089417,
    -0.4945463240146637,
    0.35366594791412354,
    0.47571489214897156,
    -0.455534964799881
  ],
  "true_label": 0
}