{
  "x_sample": [
    0.6005071997642517,
    0.3856055438518524,
    -0.3847552239894867,
    0.46758797764778137,
    -0.4544829726219177
  ],
  "true_label": 0
}