{
  "x_sample": [
    0.6766365170478821,
    -0.2100285142660141,
    -0.42433154582977295,
    0.4840361773967743,
    -0.4630599319934845
  ],
  "true_label": 0
}