{
  "x_sample": [
    0.6401509046554565,
    0.22871196269989014,
    0.4172746241092682,
    0.46281448006629944,
    -0.4576108753681183
  ],
  "true_label": 0
}