{
  "x_sample": [
    0.6774130463600159,
    -0.3167843818664551,
    -0.41109126806259155,
    0.47700363397598267,
    -0.49906104803085327
  ],
  "true_label": 0
}