{
  "x_sample": [
    0.6434412598609924,
    -0.4337170720100403,
    0.07133062928915024,
    0.46310338377952576,
    -0.4686586856842041
  ],
  "true_label": 0
}