{
  "x_sample": [
    0.6072686910629272,
    -0.03345927223563194,
    -0.13150396943092346,
    0.4944904148578644,
    -0.47120994329452515
  ],
  "true_label": 0
}