{
  "x_sample": [
    0.6159197688102722,
    0.3526843190193176,
    0.21578608453273773,
    0.4951476454734802,
    -0.4658469259738922
  ],
  "true_label": 0
}