{
  "x_sample": [
    0.6124233603477478,
    0.16511650383472443,
    0.24813483655452728,
    0.4871501922607422,
    -0.45876172184944153
  ],
  "true_label": 0
}