{
  "x_sample": [
    0.6391388177871704,
    -0.3936927318572998,
    -0.36291834712028503,
    0.4970288574695587,
    -0.4748549461364746
  ],
  "true_label": 0
}