{
  "x_sample": [
    0.6205441355705261,
    0.43081116676330566,
    0.44175398349761963,
    0.4544266164302826,
    -0.4657990336418152
  ],
  "true_label": 0
}