{
  "x_sample": [
    0.6136760115623474,
    0.2588357627391815,
    -0.07225952297449112,
    0.4987937808036804,
    -0.4854287803173065
  ],
  "true_label": 0
}