{
  "x_sample": [
    0.6350051164627075,
    -0.16488413512706757,
    -0.06334169209003448,
    0.4649549722671509,
    -0.48173797130584717
  ],
  "true_label": 0
}