{
  "x_sample": [
    0.6579751372337341,
    -0.24544468522071838,
    -0.30519741773605347,
    0.45867615938186646,
    -0.46916651725769043
  ],
  "true_label": 0
}