{
  "x_sample": [
    0.6678388118743896,
    0.3632830083370209,
    -0.3960140645503998,
    0.45555198192596436,
    -0.4689137637615204
  ],
  "true_label": 0
}