{
  "x_sample": [
    0.6609025001525879,
    -0.02709171175956726,
    0.39467835426330566,
    0.46342000365257263,
    -0.48654448986053467
  ],
  "true_label": 0
}