{
  "x_sample": [
    0.644321858882904,
    -0.15601027011871338,
    0.21199755370616913,
    0.48465901613235474,
    -0.47802436351776123
  ],
  "true_label": 0
}