{
  "x_sample": [
    0.6148949265480042,
    -0.49400925636291504,
    0.44521790742874146,
    0.47279784083366394,
    -0.4594053328037262
  ],
  "true_label": 0
}