{
  "x_sample": [
    0.6600137948989868,
    -0.059917572885751724,
    0.33765995502471924,
    0.4976764917373657,
    -0.4640999734401703
  ],
  "true_label": 0
}