{
  "x_sample": [
    0.6441382169723511,
    0.46001115441322327,
    0.10204622894525528,
    0.4564529061317444,
    -0.486001580953598
  ],
  "true_label": 0
}