{
  "x_sample": [
    0.6028987169265747,
    0.19817091524600983,
    -0.38475164771080017,
    0.48510536551475525,
    -0.45926567912101746
  ],
  "true_label": 0
}