{
  "x_sample": [
    0.6418846845626831,
    0.07778488844633102,
    -0.050809767097234726,
    0.4575828015804291,
    -0.49111688137054443
  ],
  "true_label": 0
}