{
  "x_sample": [
    0.6602684259414673,
    -0.30877581238746643,
    0.04315367713570595,
    0.46005359292030334,
    -0.4861546456813812
  ],
  "true_label": 0
}