{
  "x_sample": [
    0.6311525106430054,
    0.36411750316619873,
    0.3153119683265686,
    0.4586143493652344,
    -0.47604623436927795
  ],
  "true_label": 0
}