{
  "x_sample": [
    0.677723228931427,
    0.20178306102752686,
    0.20466895401477814,
    0.4910130798816681,
    -0.45156750082969666
  ],
  "true_label": 0
}