{
  "x_sample": [
    0.6350110173225403,
    0.19328182935714722,
    -0.3355875015258789,
    0.4951136112213135,
    -0.45820313692092896
  ],
  "true_label": 0
}