{
  "x_sample": [
    0.6124408841133118,
    0.20990623533725739,
    0.23599210381507874,
    0.470022976398468,
    -0.48745521903038025
  ],
  "true_label": 0
}