{
  "x_sample": [
    0.617262601852417,
    0.31292518973350525,
    0.21840651333332062,
    0.4806707203388214,
    -0.4867013990879059
  ],
  "true_label": 0
}