{
  "x_sample": [
    0.6440727710723877,
    0.2874099910259247,
    0.3142332136631012,
    0.4938454329967499,
    -0.4656849205493927
  ],
  "true_label": 0
}