{
  "x_sample": [
    0.6733989119529724,
    -0.20678894221782684,
    0.3990803360939026,
    0.4696398079395294,
    -0.46038052439689636
  ],
  "true_label": 0
}