{
  "x_sample": [
    0.604346752166748,
    0.47367599606513977,
    0.18631623685359955,
    0.46266481280326843,
    -0.4936235845088959
  ],
  "true_label": 0
}