{
  "x_sample": [
    0.6228731274604797,
    0.3914462924003601,
    -0.325610488653183,
    0.4834621846675873,
    -0.4860517382621765
  ],
  "true_label": 0
}