{
  "x_sample": [
    0.6196320056915283,
    0.11411835253238678,
    -0.38659992814064026,
    0.455700546503067,
    -0.47263967990875244
  ],
  "true_label": 0
}