{
  "x_sample": [
    0.6431623101234436,
    -0.21644526720046997,
    -0.46969932317733765,
    0.4808538556098938,
    -0.4822697937488556
  ],
  "true_label": 0
}