{
  "x_sample": [
    0.6743547916412354,
    -0.3638888895511627,
    0.267526239156723,
    0.4559643268585205,
    -0.4627530872821808
  ],
  "true_label": 0
}