{
  "x_sample": [
    0.6598143577575684,
    -0.05509595945477486,
    -0.2402961105108261,
    0.4828398823738098,
    -0.4993329644203186
  ],
  "true_label": 0
}