{
  "x_sample": [
    0.6313073039054871,
    -0.4496001601219177,
    0.37751272320747375,
    0.45374274253845215,
    -0.4902944564819336
  ],
  "true_label": 0
}