{
  "x_sample": [
    0.6479988694190979,
    -0.06496796011924744,
    0.3452529013156891,
    0.4595034122467041,
    -0.4908512830734253
  ],
  "true_label": 0
}