{
  "x_sample": [
    0.6021556258201599,
    0.09400700777769089,
    0.4091239273548126,
    0.45061376690864563,
    -0.46894386410713196
  ],
  "true_label": 0
}