{
  "x_sample": [
    0.6714961528778076,
    -0.3593350946903229,
    -0.27429232001304626,
    0.49790117144584656,
    -0.4925120770931244
  ],
  "true_label": 0
}