{
  "x_sample": [
    0.6008502840995789,
    -0.30926987528800964,
    0.156746506690979,
    0.45925813913345337,
    -0.486626535654068
  ],
  "true_label": 0
}