{
  "x_sample": [
    0.6258793473243713,
    0.0316193625330925,
    -0.10033438354730606,
    0.4651510715484619,
    -0.452102392911911
  ],
  "true_label": 0
}