{
  "x_sample": [
    0.6703792810440063,
    -0.12125706672668457,
    -0.20849695801734924,
    0.4533649682998657,
    -0.4876166880130768
  ],
  "true_label": 0
}