{
  "x_sample": [
    0.6504580974578857,
    0.43857625126838684,
    0.3269432485103607,
    0.4964290261268616,
    -0.4671449661254883
  ],
  "true_label": 0
}