{
  "x_sample": [
    0.6497250199317932,
    -0.38487526774406433,
    -0.311713308095932,
    0.4787166118621826,
    -0.46089231967926025
  ],
  "true_label": 0
}