{
  "x_sample": [
    0.6330403685569763,
    -0.016809603199362755,
    -0.4724690616130829,
    0.46222540736198425,
    -0.4708253741264343
  ],
  "true_label": 0
}