{
  "x_sample": [
    0.6050086617469788,
    -0.23380836844444275,
    -0.130182147026062,
    0.45406219363212585,
    -0.4546583294868469
  ],
  "true_label": 0
}