{
  "x_sample": [
    0.6276361346244812,
    -0.4910987615585327,
    0.09983855485916138,
    0.47907987236976624,
    -0.4716932773590088
  ],
  "true_label": 0
}