{
  "x_sample": [
    0.671908438205719,
    -0.03954187408089638,
    -0.2750892639160156,
    0.4834594130516052,
    -0.4772750735282898
  ],
  "true_label": 0
}