{
  "x_sample": [
    0.6255263686180115,
    0.13217055797576904,
    0.0006378329126164317,
    0.4609217941761017,
    -0.49964460730552673
  ],
  "true_label": 0
}