{
  "x_sample": [
    0.626331090927124,
    -0.27189168334007263,
    -0.20641331374645233,
    0.48620301485061646,
    -0.45275700092315674
  ],
  "true_label": 0
}