{
  "x_sample": [
    0.6615444421768188,
    0.08498977869749069,
    -0.0020912496838718653,
    0.46068307757377625,
    -0.4835447669029236
  ],
  "true_label": 0
}