{
  "x_sample": [
    0.6613563299179077,
    -0.4146142601966858,
    -0.36681652069091797,
    0.4770549535751343,
    -0.49833184480667114
  ],
  "true_label": 0
}