{
  "x_sample": [
    0.6144729256629944,
    0.17837698757648468,
    -0.4388551115989685,
    0.47267773747444153,
    -0.4752936363220215
  ],
  "true_label": 0
}