{
  "x_sample": [
    0.6234398484230042,
    0.1521587073802948,
    0.28154614567756653,
    0.481105238199234,
    -0.4963966906070709
  ],
  "true_label": 0
}