{
  "x_sample": [
    0.600659966468811,
    -0.05262934789061546,
    -0.28190818428993225,
    0.47047144174575806,
    -0.48236462473869324
  ],
  "true_label": 0
}