{
  "x_sample": [
    0.6428887248039246,
    -0.33266717195510864,
    -0.07941430062055588,
    0.45658060908317566,
    -0.4513302445411682
  ],
  "true_label": 0
}