{
  "x_sample": [
    0.638878583908081,
    0.027027256786823273,
    -0.3028322160243988,
    0.46027055382728577,
    -0.47792714834213257
  ],
  "true_label": 0
}