{
  "x_sample": [
    0.6139023303985596,
    -0.06841503083705902,
    -0.14469373226165771,
    0.48073264956474304,
    -0.4848087728023529
  ],
  "true_label": 0
}