{
  "x_sample": [
    0.6570714712142944,
    -0.43819594383239746,
    -0.25257575511932373,
    0.45384740829467773,
    -0.4870463013648987
  ],
  "true_label": 0
}