{
  "x_sample": [
    0.6795949339866638,
    -0.46423500776290894,
    -0.3949335813522339,
    0.4958721101284027,
    -0.4966771602630615
  ],
  "true_label": 0
}