{
  "x_sample": [
    0.6434402465820312,
    -0.26106059551239014,
    -0.2309870570898056,
    0.4999641478061676,
    -0.46076321601867676
  ],
  "true_label": 0
}