{
  "x_sample": [
    0.6766690015792847,
    0.32780131697654724,
    0.10226801782846451,
    0.4516555070877075,
    -0.4706912338733673
  ],
  "true_label": 0
}