{
  "x_sample": [
    0.6206079125404358,
    0.09719514101743698,
    0.02172098122537136,
    0.4820830523967743,
    -0.47851547598838806
  ],
  "true_label": 0
}