{
  "x_sample": [
    0.6124889254570007,
    0.21546068787574768,
    -0.28814610838890076,
    0.4544232487678528,
    -0.45828601717948914
  ],
  "true_label": 0
}