{
  "x_sample": [
    0.6795719265937805,
    -0.29896309971809387,
    0.24087218940258026,
    0.4718373119831085,
    -0.4666516184806824
  ],
  "true_label": 0
}