{
  "x_sample": [
    0.6273320913314819,
    -0.26925721764564514,
    -0.10866112262010574,
    0.48413771390914917,
    -0.4971914291381836
  ],
  "true_label": 0
}