{
  "x_sample": [
    0.6603623628616333,
    0.39017319679260254,
    -0.4102339744567871,
    0.4655100405216217,
    -0.49639827013015747
  ],
  "true_label": 0
}