{
  "x_sample": [
    0.6634401679039001,
    -0.22825083136558533,
    0.42620590329170227,
    0.48989030718803406,
    -0.4569622278213501
  ],
  "true_label": 0
}