{
  "x_sample": [
    0.615278422832489,
    -0.3123660087585449,
    -0.11824651807546616,
    0.47718390822410583,
    -0.4770849347114563
  ],
  "true_label": 0
}