{
  "x_sample": [
    0.6345610022544861,
    0.3187792897224426,
    0.2091442048549652,
    0.4940815567970276,
    -0.4990333616733551
  ],
  "true_label": 0
}