{
  "x_sample": [
    0.6258286237716675,
    -0.3590635061264038,
    -0.4408617615699768,
    0.46175891160964966,
    -0.46591606736183167
  ],
  "true_label": 0
}