{
  "x_sample": [
    0.6437824368476868,
    0.18307776749134064,
    -0.17085987329483032,
    0.48382478952407837,
    -0.45846763253211975
  ],
  "true_label": 0
}