{
  "x_sample": [
    0.6460931301116943,
    0.39217597246170044,
    -0.25978708267211914,
    0.4569845199584961,
    -0.4575482904911041
  ],
  "true_label": 0
}