{
  "x_sample": [
    0.6050426959991455,
    0.18891002237796783,
    0.3764745593070984,
    0.49500173330307007,
    -0.4985049068927765
  ],
  "true_label": 0
}