{
  "x_sample": [
    0.6315730810165405,
    -0.48802539706230164,
    -0.45459479093551636,
    0.4688671827316284,
    -0.4680650234222412
  ],
  "true_label": 0
}