{
  "x_sample": [
    0.6229665279388428,
    0.1763707399368286,
    0.1923932135105133,
    0.4831743836402893,
    -0.45793870091438293
  ],
  "true_label": 0
}