{
  "x_sample": [
    0.6356673240661621,
    0.267405241727829,
    -0.2949708104133606,
    0.4628280997276306,
    -0.4768980145454407
  ],
  "true_label": 0
}