{
  "x_sample": [
    0.6363241076469421,
    -0.30133506655693054,
    0.07904313504695892,
    0.49642136693000793,
    -0.4795532822608948
  ],
  "true_label": 0
}