{
  "x_sample": [
    0.6738904714584351,
    0.061603859066963196,
    0.48361098766326904,
    0.47127601504325867,
    -0.483141154050827
  ],
  "true_label": 0
}