{
  "x_sample": [
    0.6566478610038757,
    0.16778255999088287,
    -0.2892076075077057,
    0.4863108992576599,
    -0.4614894986152649
  ],
  "true_label": 0
}