{
  "x_sample": [
    0.6590956449508667,
    -0.47529542446136475,
    -0.4417968690395355,
    0.46015316247940063,
    -0.46585971117019653
  ],
  "true_label": 0
}