{
  "x_sample": [
    0.6144364476203918,
    0.3708187937736511,
    0.31217271089553833,
    0.49601417779922485,
    -0.49383750557899475
  ],
  "true_label": 0
}