{
  "x_sample": [
    0.6191712617874146,
    0.3405156135559082,
    -0.33434364199638367,
    0.48491528630256653,
    -0.4930473268032074
  ],
  "true_label": 0
}