{
  "x_sample": [
    0.6442091464996338,
    0.46409115195274353,
    0.055876463651657104,
    0.46388304233551025,
    -0.4598013758659363
  ],
  "true_label": 0
}