{
  "x_sample": [
    0.664598286151886,
    0.4461993873119354,
    0.2015201449394226,
    0.4802525043487549,
    -0.4611656069755554
  ],
  "true_label": 0
}