{
  "x_sample": [
    0.6360427737236023,
    0.2883583605289459,
    -0.28894108533859253,
    0.45591333508491516,
    -0.47990861535072327
  ],
  "true_label": 0
}