{
  "x_sample": [
    0.6375752687454224,
    0.25231361389160156,
    -0.2736752927303314,
    0.4771679639816284,
    -0.47373971343040466
  ],
  "true_label": 0
}