{
  "x_sample": [
    0.6448121666908264,
    -0.11884317547082901,
    -0.16626419126987457,
    0.46441003680229187,
    -0.49997276067733765
  ],
  "true_label": 0
}