{
  "x_sample": [
    0.6771745681762695,
    0.3942180275917053,
    -0.46585893630981445,
    0.4906054735183716,
    -0.4575309157371521
  ],
  "true_label": 0
}