{
  "x_sample": [
    0.6162698268890381,
    -0.16385628283023834,
    -0.0820196270942688,
    0.4512294828891754,
    -0.48070037364959717
  ],
  "true_label": 0
}