{
  "x_sample": [
    0.630641758441925,
    0.4248850345611572,
    -0.09382341802120209,
    0.4709295332431793,
    -0.48173126578330994
  ],
  "true_label": 0
}