{
  "x_sample": [
    0.6240918636322021,
    -0.42423972487449646,
    -0.07427925616502762,
    0.48235294222831726,
    -0.4991622567176819
  ],
  "true_label": 0
}