{
  "x_sample": [
    0.6070707440376282,
    -0.28711003065109253,
    0.1558901071548462,
    0.45097193121910095,
    -0.4621821641921997
  ],
  "true_label": 0
}