{
  "x_sample": [
    0.6691474914550781,
    0.21169687807559967,
    -0.402180939912796,
    0.4673492908477783,
    -0.4637894034385681
  ],
  "true_label": 0
}