{
  "x_sample": [
    0.6604501008987427,
    0.37445810437202454,
    -0.3313341438770294,
    0.4668958783149719,
    -0.47586798667907715
  ],
  "true_label": 0
}