{
  "x_sample": [
    0.6471197009086609,
    -0.04019368067383766,
    0.1570049375295639,
    0.49601852893829346,
    -0.4872426688671112
  ],
  "true_label": 0
}