{
  "x_sample": [
    0.6588768362998962,
    -0.4223538637161255,
    0.09903497993946075,
    0.47758856415748596,
    -0.47812291979789734
  ],
  "true_label": 0
}