{
  "x_sample": [
    0.6181029081344604,
    -0.3593411147594452,
    0.4218226671218872,
    0.4982948899269104,
    -0.4679718613624573
  ],
  "true_label": 0
}