{
  "x_sample": [
    0.6287813186645508,
    0.30255383253097534,
    -0.19285352528095245,
    0.45049795508384705,
    -0.4816587269306183
  ],
  "true_label": 0
}