{
  "x_sample": [
    0.642582356929779,
    0.18952734768390656,
    0.06705883145332336,
    0.4951044023036957,
    -0.45037850737571716
  ],
  "true_label": 0
}