{
  "x_sample": [
    0.6059257388114929,
    -0.48239561915397644,
    0.1925228387117386,
    0.4518686532974243,
    -0.48716121912002563
  ],
  "true_label": 0
}