{
  "x_sample": [
    0.6602466702461243,
    -0.4154239892959595,
    -0.004473358392715454,
    0.4525635838508606,
    -0.46961814165115356
  ],
  "true_label": 0
}