{
  "x_sample": [
    0.6401969790458679,
    -0.259712278842926,
    -0.32548874616622925,
    0.4710475504398346,
    -0.498561292886734
  ],
  "true_label": 0
}