{
  "x_sample": [
    0.622459888458252,
    0.2759368419647217,
    0.45302343368530273,
    0.45703113079071045,
    -0.4666346311569214
  ],
  "true_label": 0
}