{
  "x_sample": [
    0.6191836595535278,
    0.2881455719470978,
    0.019836459308862686,
    0.45960521697998047,
    -0.4898098111152649
  ],
  "true_label": 0
}