{
  "x_sample": [
    0.6740133762359619,
    0.06671150773763657,
    0.17357173562049866,
    0.4757300019264221,
    -0.46067142486572266
  ],
  "true_label": 0
}