{
  "x_sample": [
    0.661307692527771,
    -0.46255698800086975,
    -0.34749189019203186,
    0.4995567202568054,
    -0.4735502600669861
  ],
  "true_label": 0
}