{
  "x_sample": [
    0.6250998377799988,
    0.19709423184394836,
    -0.3675718903541565,
    0.47044387459754944,
    -0.48268815875053406
  ],
  "true_label": 0
}