{
  "x_sample": [
    0.6106345653533936,
    -0.43168461322784424,
    0.09032844007015228,
    0.4636768102645874,
    -0.4575357437133789
  ],
  "true_label": 0
}