{
  "x_sample": [
    0.6329957246780396,
    0.3946163058280945,
    -0.030798936262726784,
    0.46788111329078674,
    -0.479017972946167
  ],
  "true_label": 0
}