{
  "x_sample": [
    0.652407705783844,
    0.015261299908161163,
    0.22214075922966003,
    0.4646024703979492,
    -0.4583261013031006
  ],
  "true_label": 0
}