{
  "x_sample": [
    0.6647853851318359,
    -0.16112487018108368,
    -0.05510307475924492,
    0.48064175248146057,
    -0.4726487994194031
  ],
  "true_label": 0
}