{
  "x_sample": [
    0.627406120300293,
    0.4377073347568512,
    -0.48971429467201233,
    0.4788825511932373,
    -0.4601083993911743
  ],
  "true_label": 0
}