{
  "x_sample": [
    0.6511659026145935,
    0.21345743536949158,
    -0.4221777319908142,
    0.46226966381073,
    -0.4756018817424774
  ],
  "true_label": 0
}