{
  "x_sample": [
    0.6669238805770874,
    -0.14621733129024506,
    0.23515468835830688,
    0.4806862473487854,
    -0.4918650686740875
  ],
  "true_label": 0
}