{
  "x_sample": [
    0.6651766896247864,
    -0.12865540385246277,
    -0.37002986669540405,
    0.4873332679271698,
    -0.482979416847229
  ],
  "true_label": 0
}