{
  "x_sample": [
    0.6276738047599792,
    -0.2698717713356018,
    0.11375277489423752,
    0.49593034386634827,
    -0.4674164950847626
  ],
  "true_label": 0
}