{
  "x_sample": [
    0.6348211169242859,
    -0.05449016019701958,
    -0.3057970404624939,
    0.48008641600608826,
    -0.4512206017971039
  ],
  "true_label": 0
}