{
  "x_sample": [
    0.6279053688049316,
    -0.38423800468444824,
    0.06300059705972672,
    0.4560036361217499,
    -0.48653680086135864
  ],
  "true_label": 0
}