{
  "x_sample": [
    0.6528327465057373,
    -0.38767126202583313,
    -0.0175311416387558,
    0.4779038727283478,
    -0.4578240215778351
  ],
  "true_label": 0
}