{
  "x_sample": [
    0.63582843542099,
    -0.4343004822731018,
    0.11846951395273209,
    0.4702651798725128,
    -0.49537113308906555
  ],
  "true_label": 0
}