{
  "x_sample": [
    0.674188494682312,
    -0.48293179273605347,
    0.1416824460029602,
    0.45302990078926086,
    -0.48737695813179016
  ],
  "true_label": 0
}