{
  "x_sample": [
    0.6054090857505798,
    -0.07815268635749817,
    -0.04821892827749252,
    0.47084471583366394,
    -0.49678006768226624
  ],
  "true_label": 0
}