{
  "x_sample": [
    0.6255266666412354,
    0.07748957723379135,
    0.05396569147706032,
    0.4544605016708374,
    -0.4552225172519684
  ],
  "true_label": 0
}