{
  "x_sample": [
    0.6010224223136902,
    0.43811455368995667,
    -0.02892656996846199,
    0.47162777185440063,
    -0.47081634402275085
  ],
  "true_label": 0
}