{
  "x_sample": [
    0.6669860482215881,
    0.38819268345832825,
    0.4818384349346161,
    0.48533543944358826,
    -0.480450838804245
  ],
  "true_label": 0
}