{
  "x_sample": [
    0.663796067237854,
    0.4431249797344208,
    0.20796865224838257,
    0.4869649112224579,
    -0.4754655361175537
  ],
  "true_label": 0
}