{
  "x_sample": [
    0.6538728475570679,
    0.10496373474597931,
    0.24297751486301422,
    0.49401184916496277,
    -0.45732638239860535
  ],
  "true_label": 0
}