{
  "x_sample": [
    0.6320726275444031,
    0.07744336128234863,
    -0.1966087818145752,
    0.47144442796707153,
    -0.4635913372039795
  ],
  "true_label": 0
}