{
  "x_sample": [
    0.6200673580169678,
    -0.2962629497051239,
    -0.08222144842147827,
    0.4585837423801422,
    -0.496316522359848
  ],
  "true_label": 0
}