{
  "x_sample": [
    0.6333057880401611,
    -0.022918064147233963,
    0.24974702298641205,
    0.46960827708244324,
    -0.4820942282676697
  ],
  "true_label": 0
}