{
  "x_sample": [
    0.6452594995498657,
    -0.4360641539096832,
    0.07108193635940552,
    0.49471724033355713,
    -0.47803449630737305
  ],
  "true_label": 0
}