{
  "x_sample": [
    0.6793034672737122,
    0.38860487937927246,
    0.2222345769405365,
    0.45793887972831726,
    -0.49156010150909424
  ],
  "true_label": 0
}