{
  "x_sample": [
    0.6385509967803955,
    -0.41072848439216614,
    -0.25703367590904236,
    0.4592322111129761,
    -0.4617551565170288
  ],
  "true_label": 0
}