{
  "x_sample": [
    0.6725033521652222,
    0.3382977843284607,
    -0.018249889835715294,
    0.48690202832221985,
    -0.4675745964050293
  ],
  "true_label": 0
}