{
  "x_sample": [
    0.6720559000968933,
    -0.2168460339307785,
    -0.39401939511299133,
    0.45872923731803894,
    -0.4587249457836151
  ],
  "true_label": 0
}