{
  "x_sample": [
    0.6150786280632019,
    -0.09010222554206848,
    0.37376824021339417,
    0.48059484362602234,
    -0.4691021740436554
  ],
  "true_label": 0
}