{
  "x_sample": [
    0.6008331179618835,
    0.29160287976264954,
    -0.03573387861251831,
    0.4941995441913605,
    -0.4840676188468933
  ],
  "true_label": 0
}