{
  "x_sample": [
    0.6650732755661011,
    -0.02971886284649372,
    -0.23433557152748108,
    0.4514141082763672,
    -0.45234057307243347
  ],
  "true_label": 0
}