{
  "x_sample": [
    0.6754440069198608,
    -0.437034010887146,
    -0.02098364755511284,
    0.46959811449050903,
    -0.4951072037220001
  ],
  "true_label": 0
}