{
  "x_sample": [
    0.6582151055335999,
    -0.1018444076180458,
    -0.4603364169597626,
    0.48126524686813354,
    -0.4655207395553589
  ],
  "true_label": 0
}