{
  "x_sample": [
    0.6613759398460388,
    0.1037953570485115,
    0.4882195293903351,
    0.4854641258716583,
    -0.47208309173583984
  ],
  "true_label": 0
}