{
  "x_sample": [
    0.6344011425971985,
    0.2658735513687134,
    0.4585527181625366,
    0.4944738745689392,
    -0.47375351190567017
  ],
  "true_label": 0
}