{
  "x_sample": [
    0.6477926969528198,
    0.27485236525535583,
    0.4005097448825836,
    0.4669046103954315,
    -0.45926493406295776
  ],
  "true_label": 0
}