{
  "x_sample": [
    0.6673635840415955,
    0.37557318806648254,
    -0.29416441917419434,
    0.48448312282562256,
    -0.4828821122646332
  ],
  "true_label": 0
}