{
  "x_sample": [
    0.6279507279396057,
    0.13218770921230316,
    0.11553690582513809,
    0.4725410044193268,
    -0.49791064858436584
  ],
  "true_label": 0
}