{
  "x_sample": [
    0.6568504571914673,
    0.2925926446914673,
    0.2637093663215637,
    0.49188685417175293,
    -0.4712528884410858
  ],
  "true_label": 0
}