{
  "x_sample": [
    0.6301553249359131,
    0.33205345273017883,
    0.021530957892537117,
    0.4563422203063965,
    -0.4691706895828247
  ],
  "true_label": 0
}