{
  "x_sample": [
    0.6568804979324341,
    0.11848747730255127,
    -0.3272353410720825,
    0.4632496237754822,
    -0.48855090141296387
  ],
  "true_label": 0
}