{
  "x_sample": [
    0.6163767576217651,
    -0.08172956854104996,
    -0.04929715022444725,
    0.4869183301925659,
    -0.48699191212654114
  ],
  "true_label": 0
}