{
  "x_sample": [
    0.6238826513290405,
    0.06099666655063629,
    0.3799979090690613,
    0.46763816475868225,
    -0.4875575304031372
  ],
  "true_label": 0
}