{
  "x_sample": [
    0.6157071590423584,
    0.38033556938171387,
    0.3346657156944275,
    0.4545880854129791,
    -0.48516932129859924
  ],
  "true_label": 0
}