{
  "x_sample": [
    0.6270391345024109,
    0.24950441718101501,
    -0.41092449426651,
    0.46833890676498413,
    -0.4730096459388733
  ],
  "true_label": 0
}