{
  "x_sample": [
    0.6664930582046509,
    0.2945512533187866,
    -0.21161143481731415,
    0.485709011554718,
    -0.4565952718257904
  ],
  "true_label": 0
}