{
  "x_sample": [
    0.6011897921562195,
    0.38344040513038635,
    0.2815581262111664,
    0.49659886956214905,
    -0.4545851945877075
  ],
  "true_label": 0
}