{
  "x_sample": [
    0.6078305840492249,
    -0.17788568139076233,
    0.4230267107486725,
    0.4698749780654907,
    -0.4643225371837616
  ],
  "true_label": 0
}