{
  "x_sample": [
    0.6759908199310303,
    0.4981900751590729,
    -0.16189222037792206,
    0.4968501925468445,
    -0.4564926028251648
  ],
  "true_label": 0
}