{
  "x_sample": [
    0.6499958634376526,
    -0.12275125086307526,
    0.3727395534515381,
    0.4674762487411499,
    -0.47072988748550415
  ],
  "true_label": 0
}