{
  "x_sample": [
    0.6281424164772034,
    -0.33757930994033813,
    -0.1326131373643875,
    0.4731677770614624,
    -0.4553317725658417
  ],
  "true_label": 0
}