{
  "x_sample": [
    0.6218814253807068,
    0.11083268374204636,
    0.48148113489151,
    0.46667930483818054,
    -0.48087742924690247
  ],
  "true_label": 0
}