{
  "x_sample": [
    0.6450445652008057,
    0.25160855054855347,
    0.3885008692741394,
    0.4849454164505005,
    -0.4696165919303894
  ],
  "true_label": 0
}