{
  "x_sample": [
    0.6411980986595154,
    -0.342402845621109,
    -0.11443914473056793,
    0.4720204770565033,
    -0.4823252856731415
  ],
  "true_label": 0
}