{
  "x_sample": [
    0.6412316560745239,
    -0.430658757686615,
    0.27825915813446045,
    0.47461554408073425,
    -0.48856401443481445
  ],
  "true_label": 0
}