{
  "x_sample": [
    0.6674214601516724,
    -0.4571356177330017,
    -0.21915389597415924,
    0.4724290072917938,
    -0.4885188043117523
  ],
  "true_label": 0
}