{
  "x_sample": [
    0.6557321548461914,
    0.07142619788646698,
    -0.1388634741306305,
    0.49565792083740234,
    -0.4969199597835541
  ],
  "true_label": 0
}