{
  "x_sample": [
    0.642504870891571,
    -0.2953375279903412,
    -0.24464647471904755,
    0.4843112528324127,
    -0.4841982424259186
  ],
  "true_label": 0
}