{
  "x_sample": [
    0.610473096370697,
    0.1491604894399643,
    0.49947211146354675,
    0.4566899538040161,
    -0.47560474276542664
  ],
  "true_label": 0
}