{
  "x_sample": [
    0.6419527530670166,
    0.0071478066965937614,
    0.4071498215198517,
    0.47443652153015137,
    -0.47002503275871277
  ],
  "true_label": 0
}