{
  "x_sample": [
    0.6120251417160034,
    -0.38845863938331604,
    -0.15500685572624207,
    0.48726004362106323,
    -0.48216813802719116
  ],
  "true_label": 0
}