{
  "x_sample": [
    0.6240763068199158,
    0.34900349378585815,
    -0.09905773401260376,
    0.4670602083206177,
    -0.47446635365486145
  ],
  "true_label": 0
}