{
  "x_sample": [
    0.605831503868103,
    0.23471468687057495,
    -0.2530934512615204,
    0.48275405168533325,
    -0.4971054792404175
  ],
  "true_label": 0
}