{
  "x_sample": [
    0.6696199774742126,
    0.08988387137651443,
    -0.32733026146888733,
    0.4958370625972748,
    -0.4958885908126831
  ],
  "true_label": 0
}