{
  "x_sample": [
    0.6176490187644958,
    0.291141539812088,
    -0.43335554003715515,
    0.4577139914035797,
    -0.49880340695381165
  ],
  "true_label": 0
}