{
  "x_sample": [
    0.6058765053749084,
    -0.20548494160175323,
    -0.2692931294441223,
    0.45690566301345825,
    -0.4815133810043335
  ],
  "true_label": 0
}