{
  "x_sample": [
    0.638933002948761,
    -0.16827699542045593,
    0.36490708589553833,
    0.4563346803188324,
    -0.4788661003112793
  ],
  "true_label": 0
}