{
  "x_sample": [
    0.6147863268852234,
    0.11259583383798599,
    -0.1154596358537674,
    0.48009926080703735,
    -0.45085662603378296
  ],
  "true_label": 0
}