{
  "x_sample": [
    0.6321450471878052,
    0.2276887744665146,
    -0.48456886410713196,
    0.4562990665435791,
    -0.49547645449638367
  ],
  "true_label": 0
}