{
  "x_sample": [
    0.6287010908126831,
    0.032068248838186264,
    -0.07136183232069016,
    0.45073583722114563,
    -0.45738425850868225
  ],
  "true_label": 0
}