{
  "x_sample": [
    0.6586443781852722,
    -0.3379109799861908,
    -0.3601255416870117,
    0.4628552794456482,
    -0.46633049845695496
  ],
  "true_label": 0
}