{
  "x_sample": [
    0.6467304825782776,
    -0.4600827097892761,
    0.10515693575143814,
    0.46552425622940063,
    -0.4876765310764313
  ],
  "true_label": 0
}