{
  "x_sample": [
    0.6417490839958191,
    -0.43324244022369385,
    -0.40097281336784363,
    0.4503178596496582,
    -0.49981388449668884
  ],
  "true_label": 0
}