{
  "x_sample": [
    0.6229246258735657,
    -0.11390593647956848,
    -0.18293605744838715,
    0.4968707263469696,
    -0.4603443145751953
  ],
  "true_label": 0
}