{
  "x_sample": [
    0.6605778336524963,
    -0.05038430169224739,
    -0.34930819272994995,
    0.45665812492370605,
    -0.4629562795162201
  ],
  "true_label": 0
}