{
  "x_sample": [
    0.6612035036087036,
    -0.23837006092071533,
    -0.15184958279132843,
    0.46530741453170776,
    -0.4584345817565918
  ],
  "true_label": 0
}