{
  "x_sample": [
    0.615410566329956,
    0.3997502624988556,
    -0.42354944348335266,
    0.4608929455280304,
    -0.47671470046043396
  ],
  "true_label": 0
}