{
  "x_sample": [
    0.6380029320716858,
    -0.0698467344045639,
    -0.3535390794277191,
    0.45299068093299866,
    -0.4766511023044586
  ],
  "true_label": 0
}