{
  "x_sample": [
    0.6291338801383972,
    -0.4926063120365143,
    0.10757452994585037,
    0.4930550456047058,
    -0.46890199184417725
  ],
  "true_label": 0
}