{
  "x_sample": [
    0.6433372497558594,
    -0.4063572287559509,
    0.3179384469985962,
    0.46727725863456726,
    -0.4941798150539398
  ],
  "true_label": 0
}