{
  "x_sample": [
    0.6353476643562317,
    -0.19042879343032837,
    -0.4734143912792206,
    0.45205846428871155,
    -0.48579439520835876
  ],
  "true_label": 0
}