{
  "x_sample": [
    0.6180106997489929,
    -0.13169637322425842,
    -0.25396838784217834,
    0.4611853063106537,
    -0.4606145918369293
  ],
  "true_label": 0
}