{
  "x_sample": [
    0.6640251874923706,
    0.23317934572696686,
    0.3537582457065582,
    0.4881531596183777,
    -0.4972282350063324
  ],
  "true_label": 0
}