{
  "x_sample": [
    0.6673212647438049,
    -0.42056694626808167,
    0.10093368589878082,
    0.48765912652015686,
    -0.4616773724555969
  ],
  "true_label": 0
}