{
  "x_sample": [
    0.6275585889816284,
    -0.42252635955810547,
    0.49961066246032715,
    0.4712773263454437,
    -0.45980432629585266
  ],
  "true_label": 0
}