{
  "x_sample": [
    0.6076186299324036,
    -0.3654811382293701,
    0.18784688413143158,
    0.47312504053115845,
    -0.4550444185733795
  ],
  "true_label": 0
}