{
  "x_sample": [
    0.6301385760307312,
    0.4713401198387146,
    0.1016770526766777,
    0.4538215100765228,
    -0.4931517243385315
  ],
  "true_label": 0
}