{
  "x_sample": [
    0.6762986779212952,
    -0.49866142868995667,
    -0.48679259419441223,
    0.47891053557395935,
    -0.45022034645080566
  ],
  "true_label": 0
}