{
  "x_sample": [
    0.6746079325675964,
    0.15952371060848236,
    0.15128472447395325,
    0.49463167786598206,
    -0.46417614817619324
  ],
  "true_label": 0
}