{
  "x_sample": [
    0.6657547354698181,
    0.39784374833106995,
    -0.046290162950754166,
    0.45749807357788086,
    -0.45856693387031555
  ],
  "true_label": 0
}