{
  "x_sample": [
    0.6718437075614929,
    -0.40420612692832947,
    0.3647986650466919,
    0.47734710574150085,
    -0.4769217371940613
  ],
  "true_label": 0
}