{
  "x_sample": [
    0.6433165073394775,
    0.24281246960163116,
    0.3576716184616089,
    0.46893155574798584,
    -0.49269968271255493
  ],
  "true_label": 0
}