{
  "x_sample": [
    0.6080845594406128,
    -0.2742054760456085,
    -0.3594905436038971,
    0.48984959721565247,
    -0.4598136842250824
  ],
  "true_label": 0
}