{
  "x_sample": [
    0.6401246786117554,
    0.45178404450416565,
    -0.08351577818393707,
    0.46054980158805847,
    -0.45743316411972046
  ],
  "true_label": 0
}