{
  "x_sample": [
    0.646855354309082,
    0.3690735995769501,
    -0.15006038546562195,
    0.4888705015182495,
    -0.4902706742286682
  ],
  "true_label": 0
}