{
  "x_sample": [
    0.6460791230201721,
    0.011912927031517029,
    0.11143192648887634,
    0.47060054540634155,
    -0.4857235550880432
  ],
  "true_label": 0
}