{
  "x_sample": [
    0.6526331901550293,
    0.0719175934791565,
    -0.38028961420059204,
    0.45447611808776855,
    -0.4697074294090271
  ],
  "true_label": 0
}