{
  "x_sample": [
    0.6423388123512268,
    0.06170646473765373,
    -0.49821770191192627,
    0.49485746026039124,
    -0.481270968914032
  ],
  "true_label": 0
}