{
  "x_sample": [
    0.6203631162643433,
    0.3898220360279083,
    -0.09892607480287552,
    0.48777082562446594,
    -0.4965338110923767
  ],
  "true_label": 0
}