{
  "x_sample": [
    0.6271965503692627,
    -0.4918203055858612,
    0.13686208426952362,
    0.48694077134132385,
    -0.46547865867614746
  ],
  "true_label": 0
}