{
  "x_sample": [
    0.6655987501144409,
    -0.34893089532852173,
    0.05830402672290802,
    0.4910915493965149,
    -0.4773954749107361
  ],
  "true_label": 0
}