{
  "x_sample": [
    0.6378054022789001,
    0.12306337058544159,
    -0.10145314037799835,
    0.451285183429718,
    -0.45231255888938904
  ],
  "true_label": 0
}