{
  "x_sample": [
    0.677655816078186,
    -0.26106253266334534,
    -0.34593304991722107,
    0.4987373650074005,
    -0.45868825912475586
  ],
  "true_label": 0
}