{
  "x_sample": [
    0.6615347862243652,
    0.4234176278114319,
    0.19596295058727264,
    0.45113813877105713,
    -0.45107463002204895
  ],
  "true_label": 0
}