{
  "x_sample": [
    0.6611732840538025,
    -0.08070962131023407,
    -0.2523767948150635,
    0.4957115054130554,
    -0.4711509943008423
  ],
  "true_label": 0
}