{
  "x_sample": [
    0.626391589641571,
    0.17734985053539276,
    0.3744899332523346,
    0.4612807333469391,
    -0.4977665841579437
  ],
  "true_label": 0
}