{
  "x_sample": [
    0.6792893409729004,
    0.3922402262687683,
    -0.1034790500998497,
    0.4961768090724945,
    -0.46249088644981384
  ],
  "true_label": 0
}