{
  "x_sample": [
    0.6082792282104492,
    0.4273691177368164,
    -0.24761980772018433,
    0.4629921615123749,
    -0.4983152747154236
  ],
  "true_label": 0
}