{
  "x_sample": [
    0.6356043815612793,
    0.3350768983364105,
    0.25095152854919434,
    0.49464428424835205,
    -0.48243650794029236
  ],
  "true_label": 0
}