{
  "x_sample": [
    0.6124109625816345,
    0.31899285316467285,
    0.23366057872772217,
    0.45132672786712646,
    -0.45904654264450073
  ],
  "true_label": 0
}