{
  "x_sample": [
    0.6186812520027161,
    0.20505838096141815,
    0.36367666721343994,
    0.46063145995140076,
    -0.45202016830444336
  ],
  "true_label": 0
}