{
  "x_sample": [
    0.6270296573638916,
    0.49399176239967346,
    -0.4725736379623413,
    0.4581230580806732,
    -0.4564307928085327
  ],
  "true_label": 0
}