{
  "x_sample": [
    0.6079493761062622,
    -0.0005286639789119363,
    -0.4910884201526642,
    0.47089797258377075,
    -0.4801919162273407
  ],
  "true_label": 0
}