{
  "x_sample": [
    0.6547800302505493,
    0.4309059679508209,
    0.056935276836156845,
    0.4531969428062439,
    -0.47293028235435486
  ],
  "true_label": 0
}