{
  "x_sample": [
    0.6236528158187866,
    -0.345673531293869,
    -0.46723443269729614,
    0.4887217581272125,
    -0.472108393907547
  ],
  "true_label": 0
}