{
  "x_sample": [
    0.6049693822860718,
    -0.012012466788291931,
    0.45046332478523254,
    0.4666372835636139,
    -0.4813227355480194
  ],
  "true_label": 0
}