{
  "x_sample": [
    0.6745288372039795,
    0.11355539411306381,
    -0.31325438618659973,
    0.46141520142555237,
    -0.4863910675048828
  ],
  "true_label": 0
}