{
  "x_sample": [
    0.6027730703353882,
    -0.15017203986644745,
    0.008027838543057442,
    0.46322521567344666,
    -0.45503929257392883
  ],
  "true_label": 0
}