{
  "x_sample": [
    0.6302953362464905,
    0.05768032744526863,
    -0.05698176845908165,
    0.46319887042045593,
    -0.45024389028549194
  ],
  "true_label": 0
}