{
  "x_sample": [
    0.6055441498756409,
    0.08609601855278015,
    -0.38022562861442566,
    0.48104843497276306,
    -0.47365817427635193
  ],
  "true_label": 0
}