{
  "x_sample": [
    0.6030516028404236,
    -0.3133818805217743,
    0.36547553539276123,
    0.47926029562950134,
    -0.4763258397579193
  ],
  "true_label": 0
}