{
  "x_sample": [
    0.6368430256843567,
    0.2724239230155945,
    0.3571968078613281,
    0.46159353852272034,
    -0.4548194706439972
  ],
  "true_label": 0
}