{
  "x_sample": [
    0.6556614637374878,
    -0.44098806381225586,
    0.10538600385189056,
    0.4992139935493469,
    -0.4974241554737091
  ],
  "true_label": 0
}