{
  "x_sample": [
    0.6546151638031006,
    0.4101947546005249,
    -0.2763807475566864,
    0.46975839138031006,
    -0.481560617685318
  ],
  "true_label": 0
}