{
  "x_sample": [
    0.615725576877594,
    -0.3191312551498413,
    -0.17134131491184235,
    0.4814516305923462,
    -0.4552048444747925
  ],
  "true_label": 0
}