{
  "x_sample": [
    0.655615508556366,
    0.15547899901866913,
    0.18439316749572754,
    0.46758612990379333,
    -0.485348105430603
  ],
  "true_label": 0
}