{
  "x_sample": [
    0.6181223392486572,
    -0.15922537446022034,
    -0.44749918580055237,
    0.4789888262748718,
    -0.46378064155578613
  ],
  "true_label": 0
}