{
  "x_sample": [
    0.6188579201698303,
    -0.4524935781955719,
    -0.36064064502716064,
    0.4735381305217743,
    -0.46054133772850037
  ],
  "true_label": 0
}