{
  "x_sample": [
    0.6319877505302429,
    0.44209545850753784,
    -0.08972663432359695,
    0.4929407835006714,
    -0.4937956631183624
  ],
  "true_label": 0
}