{
  "x_sample": [
    0.6495931148529053,
    0.12590429186820984,
    -0.2975402772426605,
    0.45641055703163147,
    -0.4972206950187683
  ],
  "true_label": 0
}