{
  "x_sample": [
    0.605335533618927,
    0.23485203087329865,
    0.13102975487709045,
    0.48593196272850037,
    -0.4741983711719513
  ],
  "true_label": 0
}