{
  "x_sample": [
    0.6267663240432739,
    -0.03507088124752045,
    0.3993149399757385,
    0.4582144021987915,
    -0.46020641922950745
  ],
  "true_label": 0
}