{
  "x_sample": [
    0.6778365969657898,
    -0.034924302250146866,
    -0.38298094272613525,
    0.49097979068756104,
    -0.48601874709129333
  ],
  "true_label": 0
}