{
  "x_sample": [
    0.6221084594726562,
    -0.23867090046405792,
    -0.028063485398888588,
    0.4683516025543213,
    -0.4512561559677124
  ],
  "true_label": 0
}