{
  "x_sample": [
    0.6339479684829712,
    0.3371204733848572,
    -0.049925848841667175,
    0.48357468843460083,
    -0.4788448214530945
  ],
  "true_label": 0
}