{
  "x_sample": [
    0.6154050230979919,
    -0.1350105106830597,
    -0.26683464646339417,
    0.47922948002815247,
    -0.4823354482650757
  ],
  "true_label": 0
}