{
  "x_sample": [
    0.6670092940330505,
    0.475803405046463,
    -0.05815611034631729,
    0.4564876854419708,
    -0.48705485463142395
  ],
  "true_label": 0
}