{
  "x_sample": [
    0.6240495443344116,
    -0.29017025232315063,
    0.0339927151799202,
    0.47467824816703796,
    -0.4702197313308716
  ],
  "true_label": 0
}