{
  "x_sample": [
    0.6430134177207947,
    0.21731282770633698,
    -0.18132339417934418,
    0.4719296395778656,
    -0.45652109384536743
  ],
  "true_label": 0
}