{
  "x_sample": [
    0.6360423564910889,
    0.47940200567245483,
    0.21246574819087982,
    0.49063730239868164,
    -0.4501546323299408
  ],
  "true_label": 0
}