{
  "x_sample": [
    0.6697542071342468,
    -0.21064439415931702,
    -0.15545804798603058,
    0.485249787569046,
    -0.4825212061405182
  ],
  "true_label": 0
}