{
  "x_sample": [
    0.6582267880439758,
    0.34331759810447693,
    -0.19745327532291412,
    0.4684642255306244,
    -0.49484673142433167
  ],
  "true_label": 0
}