{
  "x_sample": [
    0.6736806035041809,
    -0.3361157178878784,
    -0.07090719044208527,
    0.4939473569393158,
    -0.48630622029304504
  ],
  "true_label": 0
}