{
  "x_sample": [
    0.6647445559501648,
    0.2269851118326187,
    -0.3877179026603699,
    0.4631862938404083,
    -0.45734140276908875
  ],
  "true_label": 0
}