{
  "x_sample": [
    0.6630352735519409,
    -0.3923957049846649,
    -0.05677866190671921,
    0.48761653900146484,
    -0.46388518810272217
  ],
  "true_label": 0
}