{
  "x_sample": [
    0.6265285015106201,
    -0.03976018354296684,
    -0.3443203568458557,
    0.49056553840637207,
    -0.4576566815376282
  ],
  "true_label": 0
}