{
  "x_sample": [
    0.6421883702278137,
    0.24998921155929565,
    0.33320972323417664,
    0.48953869938850403,
    -0.4506894648075104
  ],
  "true_label": 0
}