{
  "x_sample": [
    0.6533306241035461,
    -0.45871591567993164,
    0.21444445848464966,
    0.4717438220977783,
    -0.4679851531982422
  ],
  "true_label": 0
}