{
  "x_sample": [
    0.6768320202827454,
    -0.3776279389858246,
    0.1719568520784378,
    0.4769775867462158,
    -0.4705129563808441
  ],
  "true_label": 0
}