{
  "x_sample": [
    0.6725600361824036,
    0.20006361603736877,
    -0.479771226644516,
    0.45816272497177124,
    -0.4999782145023346
  ],
  "true_label": 0
}