{
  "x_sample": [
    0.6650862097740173,
    -0.016414644196629524,
    0.49472442269325256,
    0.4647345542907715,
    -0.4560874104499817
  ],
  "true_label": 0
}