{
  "x_sample": [
    0.6574813723564148,
    0.44226858019828796,
    -0.04539671540260315,
    0.4899321496486664,
    -0.4914158284664154
  ],
  "true_label": 0
}