{
  "x_sample": [
    0.6763497591018677,
    0.42247530817985535,
    -0.16746671497821808,
    0.47230392694473267,
    -0.46801358461380005
  ],
  "true_label": 0
}