{
  "x_sample": [
    0.6165248155593872,
    -0.43847957253456116,
    0.27302372455596924,
    0.46614253520965576,
    -0.4602426588535309
  ],
  "true_label": 0
}