{
  "x_sample": [
    0.6788226962089539,
    0.16958971321582794,
    -0.2261904925107956,
    0.45799651741981506,
    -0.4570190906524658
  ],
  "true_label": 0
}