{
  "x_sample": [
    0.6425422430038452,
    0.1338372677564621,
    -0.18031467497348785,
    0.4828375279903412,
    -0.4514113664627075
  ],
  "true_label": 0
}