{
  "x_sample": [
    0.6495783925056458,
    -0.02923162281513214,
    0.1190929263830185,
    0.4990481436252594,
    -0.4947740137577057
  ],
  "true_label": 0
}