{
  "x_sample": [
    0.6520345211029053,
    -0.12536832690238953,
    0.1602696031332016,
    0.4714643061161041,
    -0.4931270182132721
  ],
  "true_label": 0
}