{
  "x_sample": [
    0.6714708805084229,
    -0.09071966260671616,
    0.2651936709880829,
    0.49567243456840515,
    -0.49760961532592773
  ],
  "true_label": 0
}