{
  "x_sample": [
    0.6351900696754456,
    0.24157005548477173,
    0.22905506193637848,
    0.4854932427406311,
    -0.47722718119621277
  ],
  "true_label": 0
}