{
  "x_sample": [
    0.6705678105354309,
    0.33595266938209534,
    0.48899710178375244,
    0.47212255001068115,
    -0.45568954944610596
  ],
  "true_label": 0
}