{
  "x_sample": [
    0.6540039777755737,
    0.2866082489490509,
    -0.40654945373535156,
    0.4577604830265045,
    -0.46007871627807617
  ],
  "true_label": 0
}