{
  "x_sample": [
    0.6459397077560425,
    -0.40613827109336853,
    0.3365042507648468,
    0.4711015522480011,
    -0.45330575108528137
  ],
  "true_label": 0
}