{
  "x_sample": [
    0.6253302693367004,
    -0.18238520622253418,
    -0.0056777046993374825,
    0.4506336748600006,
    -0.4777033030986786
  ],
  "true_label": 0
}