{
  "x_sample": [
    0.6416085958480835,
    -0.36246439814567566,
    -0.26359015703201294,
    0.46301212906837463,
    -0.4705974757671356
  ],
  "true_label": 0
}