{
  "x_sample": [
    0.619118869304657,
    0.1351776421070099,
    0.15973183512687683,
    0.46557483077049255,
    -0.45834776759147644
  ],
  "true_label": 0
}