{
  "x_sample": [
    0.6063390970230103,
    0.27037864923477173,
    0.1601203978061676,
    0.46985334157943726,
    -0.4643952250480652
  ],
  "true_label": 0
}