{
  "x_sample": [
    0.6046664118766785,
    -0.26396822929382324,
    0.4633488655090332,
    0.4789827764034271,
    -0.46955132484436035
  ],
  "true_label": 0
}