{
  "x_sample": [
    0.677739143371582,
    -0.02059260383248329,
    0.39023691415786743,
    0.4978478252887726,
    -0.4796845316886902
  ],
  "true_label": 0
}