{
  "x_sample": [
    0.6209105849266052,
    -0.17095665633678436,
    0.014789235778152943,
    0.4803564250469208,
    -0.4816431701183319
  ],
  "true_label": 0
}