{
  "x_sample": [
    0.6313198804855347,
    -0.11903887987136841,
    0.08703272044658661,
    0.45485860109329224,
    -0.497942179441452
  ],
  "true_label": 0
}