{
  "x_sample": [
    0.6008140444755554,
    -0.4455532729625702,
    0.4803526997566223,
    0.4783106744289398,
    -0.492079496383667
  ],
  "true_label": 0
}