{
  "x_sample": [
    0.6154497265815735,
    0.36527174711227417,
    -0.4452986419200897,
    0.48477116227149963,
    -0.4633391499519348
  ],
  "true_label": 0
}