{
  "x_sample": [
    0.6690954566001892,
    -0.326952189207077,
    0.22141067683696747,
    0.4870862364768982,
    -0.4537665545940399
  ],
  "true_label": 0
}