{
  "x_sample": [
    0.6471692323684692,
    -0.25523629784584045,
    0.19024887681007385,
    0.4965636730194092,
    -0.46296098828315735
  ],
  "true_label": 0
}