{
  "x_sample": [
    0.6105191111564636,
    -0.4890610873699188,
    -0.1223931685090065,
    0.46142810583114624,
    -0.4646947383880615
  ],
  "true_label": 0
}