{
  "x_sample": [
    0.6591898202896118,
    -0.37958860397338867,
    -0.27640029788017273,
    0.4536082148551941,
    -0.46524184942245483
  ],
  "true_label": 0
}