{
  "x_sample": [
    0.6690205931663513,
    0.15871687233448029,
    -0.20270967483520508,
    0.4743759036064148,
    -0.47232121229171753
  ],
  "true_label": 0
}