{
  "x_sample": [
    0.6109640002250671,
    -0.024306360632181168,
    -0.392768919467926,
    0.49577978253364563,
    -0.46192631125450134
  ],
  "true_label": 0
}