{
  "x_sample": [
    0.603466808795929,
    -0.003694398095831275,
    0.11655788868665695,
    0.48060721158981323,
    -0.47322601079940796
  ],
  "true_label": 0
}