{
  "x_sample": [
    0.6643205881118774,
    -0.293862521648407,
    -0.09142857789993286,
    0.47481799125671387,
    -0.46794211864471436
  ],
  "true_label": 0
}