{
  "x_sample": [
    0.600985586643219,
    0.16461463272571564,
    -0.18188238143920898,
    0.4907809793949127,
    -0.4776548147201538
  ],
  "true_label": 0
}