{
  "x_sample": [
    0.6040802001953125,
    -0.05128347873687744,
    -0.06690823286771774,
    0.48860955238342285,
    -0.46592509746551514
  ],
  "true_label": 0
}