{
  "x_sample": [
    0.675382673740387,
    -0.18312320113182068,
    0.08655814081430435,
    0.47103676199913025,
    -0.4647722542285919
  ],
  "true_label": 0
}