{
  "x_sample": [
    0.671822190284729,
    0.4134797155857086,
    -0.06063695624470711,
    0.48150408267974854,
    -0.4749601185321808
  ],
  "true_label": 0
}