{
  "x_sample": [
    0.6122364401817322,
    -0.18423734605312347,
    -0.2750576138496399,
    0.4971163868904114,
    -0.45293769240379333
  ],
  "true_label": 0
}