{
  "x_sample": [
    0.6182437539100647,
    -0.20615257322788239,
    0.33251720666885376,
    0.46211180090904236,
    -0.466089129447937
  ],
  "true_label": 0
}