{
  "x_sample": [
    0.6473188996315002,
    -0.08939455449581146,
    0.2283596694469452,
    0.48163458704948425,
    -0.472030371427536
  ],
  "true_label": 0
}