{
  "x_sample": [
    0.6495135426521301,
    0.180280402302742,
    -0.3179909586906433,
    0.4943977892398834,
    -0.4645463526248932
  ],
  "true_label": 0
}