{
  "x_sample": [
    0.6542282104492188,
    0.48075294494628906,
    -0.24192769825458527,
    0.48931023478507996,
    -0.4703497588634491
  ],
  "true_label": 0
}