{
  "x_sample": [
    0.6535825729370117,
    -0.4325932264328003,
    -0.4407670497894287,
    0.4807016849517822,
    -0.4545566141605377
  ],
  "true_label": 0
}