{
  "x_sample": [
    0.6137264966964722,
    -0.06234752759337425,
    0.17619413137435913,
    0.455923855304718,
    -0.4829171895980835
  ],
  "true_label": 0
}