{
  "x_sample": [
    0.645807683467865,
    0.2645496428012848,
    0.39919590950012207,
    0.4719577431678772,
    -0.4856663942337036
  ],
  "true_label": 0
}