{
  "x_sample": [
    0.6046425700187683,
    -0.4323354661464691,
    0.19013315439224243,
    0.48298683762550354,
    -0.49654892086982727
  ],
  "true_label": 0
}