{
  "x_sample": [
    0.6231369376182556,
    -0.4401029646396637,
    -0.13679462671279907,
    0.46061989665031433,
    -0.47270816564559937
  ],
  "true_label": 0
}