{
  "x_sample": [
    0.659787118434906,
    0.35320398211479187,
    -0.3690359592437744,
    0.4523703157901764,
    -0.4549371004104614
  ],
  "true_label": 0
}