{
  "x_sample": [
    0.655140221118927,
    -0.17319224774837494,
    0.34223297238349915,
    0.497538685798645,
    -0.4694451689720154
  ],
  "true_label": 0
}