{
  "x_sample": [
    0.620208203792572,
    0.2488541156053543,
    0.11894214153289795,
    0.4665783643722534,
    -0.4865971505641937
  ],
  "true_label": 0
}