{
  "x_sample": [
    0.6721323132514954,
    -0.4927171766757965,
    0.066998690366745,
    0.4580846428871155,
    -0.4909626841545105
  ],
  "true_label": 0
}