{
  "x_sample": [
    0.6442359685897827,
    -0.4359508156776428,
    0.3550439476966858,
    0.4595561623573303,
    -0.4649237394332886
  ],
  "true_label": 0
}