{
  "x_sample": [
    0.641080915927887,
    0.3896600306034088,
    -0.31791362166404724,
    0.45048418641090393,
    -0.46604880690574646
  ],
  "true_label": 0
}