{
  "x_sample": [
    0.604403018951416,
    0.08732081949710846,
    -0.22420872747898102,
    0.4552057683467865,
    -0.4550988972187042
  ],
  "true_label": 0
}