{
  "x_sample": [
    0.6026169657707214,
    -0.44381484389305115,
    0.030250996351242065,
    0.4655439257621765,
    -0.47785794734954834
  ],
  "true_label": 0
}