{
  "x_sample": [
    0.6603905558586121,
    -0.2711776793003082,
    -0.04545076563954353,
    0.459733247756958,
    -0.4705348610877991
  ],
  "true_label": 0
}