{
  "x_sample": [
    0.618958055973053,
    -0.3604760766029358,
    0.33931398391723633,
    0.4606172442436218,
    -0.488410085439682
  ],
  "true_label": 0
}