{
  "x_sample": [
    0.6758565902709961,
    0.24672390520572662,
    -0.1330798715353012,
    0.4849514961242676,
    -0.4564281404018402
  ],
  "true_label": 0
}