{
  "x_sample": [
    0.6707412600517273,
    0.1732834279537201,
    -0.1832449734210968,
    0.4586043953895569,
    -0.4578925669193268
  ],
  "true_label": 0
}