{
  "x_sample": [
    0.6421058177947998,
    -0.10559215396642685,
    -0.14138010144233704,
    0.47933822870254517,
    -0.4990012049674988
  ],
  "true_label": 0
}