{
  "x_sample": [
    0.6550384759902954,
    -0.012152869254350662,
    0.18765555322170258,
    0.48124584555625916,
    -0.492946594953537
  ],
  "true_label": 0
}