{
  "x_sample": [
    0.6692547798156738,
    -0.43159905076026917,
    0.12417516857385635,
    0.4832608103752136,
    -0.4558233320713043
  ],
  "true_label": 0
}