{
  "x_sample": [
    0.664575457572937,
    -0.47216200828552246,
    0.01829986833035946,
    0.4605136513710022,
    -0.46737587451934814
  ],
  "true_label": 0
}