{
  "x_sample": [
    0.6108675003051758,
    0.3638405501842499,
    0.22735731303691864,
    0.4551870822906494,
    -0.46384111046791077
  ],
  "true_label": 0
}