{
  "x_sample": [
    0.6164336204528809,
    0.36691781878471375,
    0.06987898796796799,
    0.47429773211479187,
    -0.49632757902145386
  ],
  "true_label": 0
}