{
  "x_sample": [
    0.6638008952140808,
    -0.1112118661403656,
    0.013213430531322956,
    0.46343109011650085,
    -0.486728698015213
  ],
  "true_label": 0
}