{
  "x_sample": [
    0.611763060092926,
    -0.24311329424381256,
    -0.2958775758743286,
    0.4534253478050232,
    -0.47782793641090393
  ],
  "true_label": 0
}