{
  "x_sample": [
    0.6127560138702393,
    0.07200321555137634,
    -0.1722472608089447,
    0.49211159348487854,
    -0.46315687894821167
  ],
  "true_label": 0
}