{
  "x_sample": [
    0.6491979956626892,
    -0.47806188464164734,
    0.3236510753631592,
    0.47397416830062866,
    -0.4882626533508301
  ],
  "true_label": 0
}