{
  "x_sample": [
    0.6415852904319763,
    0.2540028989315033,
    0.07020483165979385,
    0.4820104241371155,
    -0.48074591159820557
  ],
  "true_label": 0
}