{
  "x_sample": [
    0.6114906072616577,
    0.45656535029411316,
    -0.2140192687511444,
    0.4930066466331482,
    -0.4851728677749634
  ],
  "true_label": 0
}