{
  "x_sample": [
    0.632324755191803,
    0.456214964389801,
    0.09502863883972168,
    0.49987974762916565,
    -0.4543030560016632
  ],
  "true_label": 0
}