{
  "x_sample": [
    0.6397448182106018,
    0.42023760080337524,
    0.06658660620450974,
    0.48962467908859253,
    -0.46566101908683777
  ],
  "true_label": 0
}