{
  "x_sample": [
    0.6506970524787903,
    0.08062062412500381,
    0.4423671364784241,
    0.4692062735557556,
    -0.47676458954811096
  ],
  "true_label": 0
}