{
  "x_sample": [
    0.6240357756614685,
    0.46095073223114014,
    0.2725573778152466,
    0.4895690381526947,
    -0.46005114912986755
  ],
  "true_label": 0
}