{
  "x_sample": [
    0.6731532216072083,
    0.09924978762865067,
    -0.377326637506485,
    0.46260616183280945,
    -0.4906514883041382
  ],
  "true_label": 0
}