{
  "x_sample": [
    0.6171452403068542,
    0.22292950749397278,
    0.3136163651943207,
    0.4880601465702057,
    -0.4805764853954315
  ],
  "true_label": 0
}