{
  "x_sample": [
    0.6253886818885803,
    0.3603872060775757,
    0.32324790954589844,
    0.4555825889110565,
    -0.4760324954986572
  ],
  "true_label": 0
}