{
  "x_sample": [
    0.6045329570770264,
    -0.3728445768356323,
    0.14162245392799377,
    0.46156105399131775,
    -0.4609539806842804
  ],
  "true_label": 0
}