{
  "x_sample": [
    0.6128316521644592,
    0.2910890579223633,
    -0.4017980694770813,
    0.4802515506744385,
    -0.4810313284397125
  ],
  "true_label": 0
}