{
  "x_sample": [
    0.6151751279830933,
    -0.4276388883590698,
    0.11849755048751831,
    0.46602755784988403,
    -0.46816423535346985
  ],
  "true_label": 0
}