{
  "x_sample": [
    0.6428283452987671,
    0.291059285402298,
    -0.18540963530540466,
    0.48128214478492737,
    -0.46685677766799927
  ],
  "true_label": 0
}