{
  "x_sample": [
    0.608601987361908,
    0.4699719250202179,
    0.34096086025238037,
    0.48011916875839233,
    -0.4807948172092438
  ],
  "true_label": 0
}