{
  "x_sample": [
    0.6103670597076416,
    0.4622751474380493,
    0.3064825236797333,
    0.4895070493221283,
    -0.4690600633621216
  ],
  "true_label": 0
}