{
  "x_sample": [
    0.6084439158439636,
    0.40077507495880127,
    0.4951403737068176,
    0.4595501124858856,
    -0.48259302973747253
  ],
  "true_label": 0
}