{
  "x_sample": [
    0.6279928684234619,
    -0.47843068838119507,
    0.31557101011276245,
    0.4969019591808319,
    -0.45136651396751404
  ],
  "true_label": 0
}