{
  "x_sample": [
    0.6751416325569153,
    0.48385506868362427,
    -0.1058817207813263,
    0.47590917348861694,
    -0.4618460237979889
  ],
  "true_label": 0
}