{
  "x_sample": [
    0.6082203984260559,
    -0.2665444016456604,
    0.2242492139339447,
    0.45326608419418335,
    -0.4937019646167755
  ],
  "true_label": 0
}