{
  "x_sample": [
    0.6326403617858887,
    0.492776095867157,
    -0.01846267096698284,
    0.4517041742801666,
    -0.48229724168777466
  ],
  "true_label": 0
}