{
  "x_sample": [
    0.6382378339767456,
    0.17275696992874146,
    -0.18205846846103668,
    0.4860815703868866,
    -0.46208885312080383
  ],
  "true_label": 0
}