{
  "x_sample": [
    0.6475964784622192,
    0.014114896766841412,
    -0.4475257396697998,
    0.45355305075645447,
    -0.4733865261077881
  ],
  "true_label": 0
}