{
  "x_sample": [
    0.6260911226272583,
    0.4821373522281647,
    -0.33214491605758667,
    0.46400561928749084,
    -0.4565960466861725
  ],
  "true_label": 0
}