{
  "x_sample": [
    0.6525053381919861,
    -0.10723105072975159,
    -0.43560051918029785,
    0.46030357480049133,
    -0.4649810492992401
  ],
  "true_label": 0
}