{
  "x_sample": [
    0.6482104063034058,
    0.20864877104759216,
    -0.430655837059021,
    0.49996569752693176,
    -0.4786185324192047
  ],
  "true_label": 0
}