{
  "x_sample": [
    0.6725515127182007,
    0.0135559793561697,
    0.21958430111408234,
    0.4743885099887848,
    -0.45527055859565735
  ],
  "true_label": 0
}