{
  "x_sample": [
    0.6400807499885559,
    -0.3348950147628784,
    0.26227888464927673,
    0.45911088585853577,
    -0.451754629611969
  ],
  "true_label": 0
}