{
  "x_sample": [
    0.6365459561347961,
    0.09349693357944489,
    0.42930030822753906,
    0.45192623138427734,
    -0.45417922735214233
  ],
  "true_label": 0
}