{
  "x_sample": [
    0.619430661201477,
    0.32457345724105835,
    0.031729213893413544,
    0.499380499124527,
    -0.4793483018875122
  ],
  "true_label": 0
}