{
  "x_sample": [
    0.6193971633911133,
    -0.12070150673389435,
    -0.16896361112594604,
    0.48681017756462097,
    -0.4809008538722992
  ],
  "true_label": 0
}