{
  "x_sample": [
    0.6583829522132874,
    0.2610349953174591,
    -0.24322128295898438,
    0.4883967936038971,
    -0.46758216619491577
  ],
  "true_label": 0
}