{
  "x_sample": [
    0.6557886004447937,
    0.030936894938349724,
    0.12502682209014893,
    0.46393144130706787,
    -0.4924757480621338
  ],
  "true_label": 0
}