{
  "x_sample": [
    0.6411058902740479,
    0.3125341236591339,
    -0.4756319522857666,
    0.46595117449760437,
    -0.48420944809913635
  ],
  "true_label": 0
}