{
  "x_sample": [
    0.6203554272651672,
    -0.04141966998577118,
    -0.10196612030267715,
    0.4596306085586548,
    -0.4865342676639557
  ],
  "true_label": 0
}