{
  "x_sample": [
    0.6034080386161804,
    0.44753530621528625,
    0.43408846855163574,
    0.4690580666065216,
    -0.4820571541786194
  ],
  "true_label": 0
}