{
  "x_sample": [
    0.6660224199295044,
    -0.15758825838565826,
    0.08460681885480881,
    0.45568081736564636,
    -0.4813210368156433
  ],
  "true_label": 0
}