{
  "x_sample": [
    0.6332141757011414,
    -0.24601063132286072,
    0.4633769690990448,
    0.48691797256469727,
    -0.45168542861938477
  ],
  "true_label": 0
}