{
  "x_sample": [
    0.6310232281684875,
    0.125706285238266,
    0.0773463249206543,
    0.46274328231811523,
    -0.4940590262413025
  ],
  "true_label": 0
}