{
  "x_sample": [
    0.65399569272995,
    -0.342802494764328,
    -0.4494635760784149,
    0.4690020978450775,
    -0.4709159731864929
  ],
  "true_label": 0
}