{
  "x_sample": [
    0.6542493104934692,
    0.22802509367465973,
    -0.11264461278915405,
    0.4996258318424225,
    -0.47264283895492554
  ],
  "true_label": 0
}