{
  "x_sample": [
    0.6607550382614136,
    0.2467697262763977,
    -0.325955867767334,
    0.4589967131614685,
    -0.4798195958137512
  ],
  "true_label": 0
}