{
  "x_sample": [
    0.6046528220176697,
    -0.17481525242328644,
    -0.015189343132078648,
    0.498575359582901,
    -0.4809504449367523
  ],
  "true_label": 0
}