{
  "x_sample": [
    0.6111173033714294,
    -0.2643328309059143,
    0.3463720977306366,
    0.45118141174316406,
    -0.45288002490997314
  ],
  "true_label": 0
}