{
  "x_sample": [
    0.6589723825454712,
    0.14899960160255432,
    -0.34237024188041687,
    0.47224920988082886,
    -0.46375954151153564
  ],
  "true_label": 0
}