{
  "x_sample": [
    0.646121084690094,
    -0.09669682383537292,
    -0.2446538358926773,
    0.4500029683113098,
    -0.4531535804271698
  ],
  "true_label": 0
}