{
  "x_sample": [
    0.6377591490745544,
    -0.3790942430496216,
    -0.11972951143980026,
    0.46515947580337524,
    -0.47189024090766907
  ],
  "true_label": 0
}