{
  "x_sample": [
    0.6175646781921387,
    0.059261515736579895,
    -0.27072349190711975,
    0.4566441476345062,
    -0.4899812936782837
  ],
  "true_label": 0
}