{
  "x_sample": [
    0.6427375078201294,
    0.3016199469566345,
    0.3130747675895691,
    0.4579898416996002,
    -0.47210270166397095
  ],
  "true_label": 0
}