{
  "x_sample": [
    0.6115469336509705,
    0.3752893805503845,
    0.464432954788208,
    0.4750499725341797,
    -0.47005486488342285
  ],
  "true_label": 0
}