{
  "x_sample": [
    0.6013620495796204,
    -0.4921357333660126,
    -0.11463788151741028,
    0.45107004046440125,
    -0.46297314763069153
  ],
  "true_label": 0
}