{
  "x_sample": [
    0.644359827041626,
    0.22481077909469604,
    0.34588751196861267,
    0.4517577588558197,
    -0.4973774552345276
  ],
  "true_label": 0
}