{
  "x_sample": [
    0.6353587508201599,
    -0.2612432837486267,
    -0.32651466131210327,
    0.4530358612537384,
    -0.4887176752090454
  ],
  "true_label": 0
}