{
  "x_sample": [
    0.645145833492279,
    0.4179842174053192,
    0.012172526679933071,
    0.4948551654815674,
    -0.4725644290447235
  ],
  "true_label": 0
}