{
  "x_sample": [
    0.6182147860527039,
    -0.11057121306657791,
    -0.4391722083091736,
    0.45471784472465515,
    -0.47973647713661194
  ],
  "true_label": 0
}