{
  "x_sample": [
    0.6704879999160767,
    0.03551604226231575,
    -0.09065613895654678,
    0.4771791100502014,
    -0.45960667729377747
  ],
  "true_label": 0
}