{
  "x_sample": [
    0.6013280749320984,
    -0.31032031774520874,
    -0.3827679455280304,
    0.46250638365745544,
    -0.4758138358592987
  ],
  "true_label": 0
}