{
  "x_sample": [
    0.6544433236122131,
    -0.4188467562198639,
    0.33459585905075073,
    0.49327218532562256,
    -0.491943895816803
  ],
  "true_label": 0
}