{
  "x_sample": [
    0.6353257298469543,
    0.27480149269104004,
    0.3484662175178528,
    0.4808371365070343,
    -0.48527777194976807
  ],
  "true_label": 0
}