{
  "x_sample": [
    0.6703170537948608,
    0.4284769892692566,
    0.20936992764472961,
    0.48210132122039795,
    -0.4807139039039612
  ],
  "true_label": 0
}