{
  "x_sample": [
    0.6002801060676575,
    0.3163532018661499,
    0.46467727422714233,
    0.45232945680618286,
    -0.45983046293258667
  ],
  "true_label": 0
}