{
  "x_sample": [
    0.6616267561912537,
    -0.32383471727371216,
    -0.060799699276685715,
    0.49943533539772034,
    -0.4533929228782654
  ],
  "true_label": 0
}