{
  "x_sample": [
    0.603085458278656,
    -0.20742231607437134,
    0.012781824916601181,
    0.4503563344478607,
    -0.47156861424446106
  ],
  "true_label": 0
}