{
  "x_sample": [
    0.6719925403594971,
    0.045940838754177094,
    -0.34469759464263916,
    0.46833136677742004,
    -0.46294987201690674
  ],
  "true_label": 0
}