{
  "x_sample": [
    0.6498894691467285,
    -0.4142856299877167,
    0.3459426760673523,
    0.49102234840393066,
    -0.48262977600097656
  ],
  "true_label": 0
}