{
  "x_sample": [
    0.6292025446891785,
    0.3181106746196747,
    -0.14437086880207062,
    0.48698076605796814,
    -0.4726085662841797
  ],
  "true_label": 0
}