{
  "x_sample": [
    0.6636425256729126,
    -0.14633406698703766,
    -0.4485282003879547,
    0.4512098431587219,
    -0.489717572927475
  ],
  "true_label": 0
}