{
  "x_sample": [
    0.6001970171928406,
    0.06857600063085556,
    0.44083163142204285,
    0.4651965796947479,
    -0.4947962760925293
  ],
  "true_label": 0
}