{
  "x_sample": [
    0.6051648855209351,
    -0.14096175134181976,
    -0.4414474070072174,
    0.48557692766189575,
    -0.4514484107494354
  ],
  "true_label": 0
}