{
  "x_sample": [
    0.6269398927688599,
    -0.009133385494351387,
    0.4293380081653595,
    0.45669835805892944,
    -0.4912160634994507
  ],
  "true_label": 0
}