{
  "x_sample": [
    0.63360995054245,
    0.05441221594810486,
    -0.48327505588531494,
    0.46947047114372253,
    -0.4774544835090637
  ],
  "true_label": 0
}