{
  "x_sample": [
    0.63288414478302,
    0.051310453563928604,
    0.044143643230199814,
    0.46694421768188477,
    -0.4690301716327667
  ],
  "true_label": 0
}