{
  "x_sample": [
    0.6551427841186523,
    -0.3680982291698456,
    0.24370735883712769,
    0.47406062483787537,
    -0.48182711005210876
  ],
  "true_label": 0
}