{
  "x_sample": [
    0.6118211150169373,
    -0.16843992471694946,
    0.1856965869665146,
    0.49449867010116577,
    -0.47695714235305786
  ],
  "true_label": 0
}