{
  "x_sample": [
    0.6357622146606445,
    -0.028523039072752,
    -0.14150270819664001,
    0.4875684976577759,
    -0.49806034564971924
  ],
  "true_label": 0
}