{
  "x_sample": [
    0.6621351838111877,
    -0.20963247120380402,
    0.1494101881980896,
    0.4855051040649414,
    -0.49712491035461426
  ],
  "true_label": 0
}