{
  "x_sample": [
    0.6252108812332153,
    0.23025524616241455,
    -0.17039473354816437,
    0.46765586733818054,
    -0.4840221703052521
  ],
  "true_label": 0
}