{
  "x_sample": [
    0.6588649153709412,
    0.43140995502471924,
    0.26711392402648926,
    0.454927921295166,
    -0.45251014828681946
  ],
  "true_label": 0
}