{
  "x_sample": [
    0.6286037564277649,
    0.15654703974723816,
    -0.3289644420146942,
    0.49922654032707214,
    -0.46588242053985596
  ],
  "true_label": 0
}