{
  "x_sample": [
    0.6710758209228516,
    0.20078448951244354,
    0.3691164553165436,
    0.4674699604511261,
    -0.49618464708328247
  ],
  "true_label": 0
}