{
  "x_sample": [
    0.6259326934814453,
    0.11993186175823212,
    0.3439570963382721,
    0.4605769217014313,
    -0.4990345537662506
  ],
  "true_label": 0
}