{
  "x_sample": [
    0.6329168081283569,
    0.4427129328250885,
    -0.33894985914230347,
    0.4742003381252289,
    -0.4718921184539795
  ],
  "true_label": 0
}