{
  "x_sample": [
    0.6031002998352051,
    -0.34902897477149963,
    -0.28378376364707947,
    0.4592512249946594,
    -0.4547887444496155
  ],
  "true_label": 0
}