{
  "x_sample": [
    0.6759190559387207,
    0.06594379991292953,
    -0.2621675729751587,
    0.4843813180923462,
    -0.46608832478523254
  ],
  "true_label": 0
}