{
  "x_sample": [
    0.6488739252090454,
    0.34712883830070496,
    0.26997753977775574,
    0.49699023365974426,
    -0.45088326930999756
  ],
  "true_label": 0
}