{
  "x_sample": [
    0.6111942529678345,
    0.00800298247486353,
    0.06862297654151917,
    0.4881402254104614,
    -0.47738221287727356
  ],
  "true_label": 0
}