{
  "x_sample": [
    0.6762769818305969,
    -0.001987030729651451,
    -0.32439178228378296,
    0.49073293805122375,
    -0.48816967010498047
  ],
  "true_label": 0
}