{
  "x_sample": [
    0.641513466835022,
    0.47718504071235657,
    0.3673148453235626,
    0.49436265230178833,
    -0.49786701798439026
  ],
  "true_label": 0
}