{
  "x_sample": [
    0.6179271936416626,
    0.3764916956424713,
    -0.03506797179579735,
    0.4756912887096405,
    -0.468073308467865
  ],
  "true_label": 0
}