{
  "x_sample": [
    0.6601566076278687,
    0.027570387348532677,
    0.12656459212303162,
    0.4616228938102722,
    -0.4915248453617096
  ],
  "true_label": 0
}