{
  "x_sample": [
    0.6384506821632385,
    -0.27833330631256104,
    -0.4336691200733185,
    0.46103647351264954,
    -0.4532160460948944
  ],
  "true_label": 0
}