{
  "x_sample": [
    0.6597739458084106,
    0.1870945394039154,
    -0.15453477203845978,
    0.4887012839317322,
    -0.45167475938796997
  ],
  "true_label": 0
}