{
  "x_sample": [
    0.6136155128479004,
    0.31442728638648987,
    0.03161274269223213,
    0.4852668046951294,
    -0.47810566425323486
  ],
  "true_label": 0
}