{
  "x_sample": [
    0.6287612915039062,
    0.13816876709461212,
    0.2770126163959503,
    0.4776155948638916,
    -0.4632439613342285
  ],
  "true_label": 0
}