{
  "x_sample": [
    0.623676061630249,
    0.4463113844394684,
    -0.3535170555114746,
    0.48827704787254333,
    -0.4777816832065582
  ],
  "true_label": 0
}