{
  "x_sample": [
    0.6671977043151855,
    -0.06343410164117813,
    0.2888953685760498,
    0.46031513810157776,
    -0.4580964148044586
  ],
  "true_label": 0
}