{
  "x_sample": [
    0.6370818018913269,
    0.35405150055885315,
    -0.38790786266326904,
    0.47437942028045654,
    -0.4632565677165985
  ],
  "true_label": 0
}