{
  "x_sample": [
    0.6549030542373657,
    -0.3179631531238556,
    -0.08124720305204391,
    0.46549633145332336,
    -0.4519452154636383
  ],
  "true_label": 0
}