{
  "x_sample": [
    0.619008481502533,
    -0.08336284756660461,
    -0.2251146137714386,
    0.4807676672935486,
    -0.4752538502216339
  ],
  "true_label": 0
}