{
  "x_sample": [
    0.6397703289985657,
    -0.43222928047180176,
    0.20564275979995728,
    0.4988325238227844,
    -0.4508279860019684
  ],
  "true_label": 0
}