{
  "x_sample": [
    0.6669546365737915,
    0.3963738977909088,
    0.22190020978450775,
    0.47538280487060547,
    -0.4833415448665619
  ],
  "true_label": 0
}