{
  "x_sample": [
    0.629895806312561,
    -0.47925183176994324,
    -0.48460227251052856,
    0.49543142318725586,
    -0.48731619119644165
  ],
  "true_label": 0
}