{
  "x_sample": [
    0.6183618307113647,
    0.09729190170764923,
    -0.3163529634475708,
    0.47690388560295105,
    -0.46643540263175964
  ],
  "true_label": 0
}