{
  "x_sample": [
    0.6401233077049255,
    -0.21575184166431427,
    0.032819293439388275,
    0.4596426784992218,
    -0.47662830352783203
  ],
  "true_label": 0
}