{
  "x_sample": [
    0.6328901648521423,
    0.45137521624565125,
    -0.3376891613006592,
    0.47382041811943054,
    -0.48565101623535156
  ],
  "true_label": 0
}