{
  "x_sample": [
    0.6325784921646118,
    0.27777355909347534,
    -0.3887167274951935,
    0.48817741870880127,
    -0.4538738429546356
  ],
  "true_label": 0
}