{
  "x_sample": [
    0.6021722555160522,
    -0.11359858512878418,
    -0.19755113124847412,
    0.4510282278060913,
    -0.49961572885513306
  ],
  "true_label": 0
}