{
  "x_sample": [
    0.6695495843887329,
    -0.10331486910581589,
    0.1449243277311325,
    0.45178139209747314,
    -0.4795243442058563
  ],
  "true_label": 0
}