{
  "x_sample": [
    0.643863320350647,
    -0.30811160802841187,
    -0.1474945843219757,
    0.4849868416786194,
    -0.4823526442050934
  ],
  "true_label": 0
}