{
  "x_sample": [
    0.6685560941696167,
    -0.3455239236354828,
    0.37145349383354187,
    0.4784552752971649,
    -0.4683413803577423
  ],
  "true_label": 0
}