{
  "x_sample": [
    0.6613178849220276,
    -0.2546180784702301,
    0.07220777869224548,
    0.46509143710136414,
    -0.458994060754776
  ],
  "true_label": 0
}