{
  "x_sample": [
    0.6135225296020508,
    0.3828338384628296,
    -0.4570384919643402,
    0.48768314719200134,
    -0.45230039954185486
  ],
  "true_label": 0
}