{
  "x_sample": [
    0.637981653213501,
    -0.09809087216854095,
    0.1817120909690857,
    0.49904313683509827,
    -0.4971740245819092
  ],
  "true_label": 0
}