{
  "x_sample": [
    0.6339709758758545,
    0.2578588128089905,
    0.32519713044166565,
    0.4746636152267456,
    -0.49223965406417847
  ],
  "true_label": 0
}