{
  "x_sample": [
    0.6756967902183533,
    -0.28488847613334656,
    -0.173820361495018,
    0.4852219223976135,
    -0.4612504839897156
  ],
  "true_label": 0
}