{
  "x_sample": [
    0.6523468494415283,
    0.05155535042285919,
    0.3113104999065399,
    0.4807209074497223,
    -0.48888540267944336
  ],
  "true_label": 0
}