{
  "x_sample": [
    0.6717765927314758,
    0.3413059115409851,
    0.09752853959798813,
    0.48695385456085205,
    -0.482956200838089
  ],
  "true_label": 0
}