{
  "x_sample": [
    0.6494792699813843,
    0.002373638330027461,
    -0.4640159606933594,
    0.4655163288116455,
    -0.4880515933036804
  ],
  "true_label": 0
}