{
  "x_sample": [
    0.6780346035957336,
    -0.0726451501250267,
    -0.26265937089920044,
    0.4948051869869232,
    -0.48459288477897644
  ],
  "true_label": 0
}