{
  "x_sample": [
    0.6504872441291809,
    0.3493039011955261,
    -0.11266352981328964,
    0.4951920509338379,
    -0.48338231444358826
  ],
  "true_label": 0
}