{
  "x_sample": [
    0.6136857867240906,
    0.4793879985809326,
    0.47357243299484253,
    0.45870262384414673,
    -0.4960641860961914
  ],
  "true_label": 0
}