{
  "x_sample": [
    0.651480495929718,
    -0.24318398535251617,
    0.23596283793449402,
    0.4632672965526581,
    -0.45015576481819153
  ],
  "true_label": 0
}