{
  "x_sample": [
    0.6311286687850952,
    0.4551401138305664,
    -0.2874816358089447,
    0.49627813696861267,
    -0.4654420018196106
  ],
  "true_label": 0
}