{
  "x_sample": [
    0.6489060521125793,
    -0.23837298154830933,
    -0.4869071841239929,
    0.49204981327056885,
    -0.4846976697444916
  ],
  "true_label": 0
}