{
  "x_sample": [
    0.6503527164459229,
    0.16320441663265228,
    -0.15695777535438538,
    0.49917227029800415,
    -0.4802660644054413
  ],
  "true_label": 0
}