{
  "x_sample": [
    0.6133135557174683,
    -0.19399842619895935,
    -0.04963664710521698,
    0.45672452449798584,
    -0.4530043601989746
  ],
  "true_label": 0
}