{
  "x_sample": [
    0.6363223791122437,
    0.4408300220966339,
    0.25501561164855957,
    0.486289918422699,
    -0.4541645050048828
  ],
  "true_label": 0
}