{
  "x_sample": [
    0.6144438982009888,
    -0.46167001128196716,
    -0.0367787703871727,
    0.46296972036361694,
    -0.47529178857803345
  ],
  "true_label": 0
}