{
  "x_sample": [
    0.6571816802024841,
    -0.043957117944955826,
    0.2694469094276428,
    0.49211961030960083,
    -0.4898664355278015
  ],
  "true_label": 0
}