{
  "x_sample": [
    0.6238532066345215,
    0.4415537714958191,
    -0.24615253508090973,
    0.47868257761001587,
    -0.4639414846897125
  ],
  "true_label": 0
}