{
  "x_sample": [
    0.6387262344360352,
    -0.15958884358406067,
    0.08215208351612091,
    0.4722333252429962,
    -0.4700658619403839
  ],
  "true_label": 0
}