{
  "x_sample": [
    0.6479151248931885,
    0.04164939373731613,
    0.20513689517974854,
    0.4541779160499573,
    -0.47656622529029846
  ],
  "true_label": 0
}