{
  "x_sample": [
    0.6771469116210938,
    0.29812484979629517,
    -0.28697001934051514,
    0.49649015069007874,
    -0.49274635314941406
  ],
  "true_label": 0
}