{
  "x_sample": [
    0.6093137264251709,
    -0.48850056529045105,
    0.34814876317977905,
    0.45679640769958496,
    -0.4568442106246948
  ],
  "true_label": 0
}