{
  "x_sample": [
    0.6172207593917847,
    -0.0007139960653148592,
    -0.42937690019607544,
    0.4836271107196808,
    -0.4918283522129059
  ],
  "true_label": 0
}