{
  "x_sample": [
    0.6760703325271606,
    0.3468533456325531,
    -0.028712457045912743,
    0.4811733067035675,
    -0.481220006942749
  ],
  "true_label": 0
}