{
  "x_sample": [
    0.6260249018669128,
    -0.10571681708097458,
    0.3828500509262085,
    0.46664518117904663,
    -0.4576018452644348
  ],
  "true_label": 0
}