{
  "x_sample": [
    0.6150497198104858,
    -0.14915317296981812,
    -0.46740978956222534,
    0.4514908194541931,
    -0.4970106780529022
  ],
  "true_label": 0
}