{
  "x_sample": [
    0.6792135238647461,
    0.004357564263045788,
    0.31891316175460815,
    0.4588661789894104,
    -0.4586807191371918
  ],
  "true_label": 0
}