{
  "x_sample": [
    0.6482961177825928,
    0.3563230633735657,
    -0.2539460062980652,
    0.4616463780403137,
    -0.4823516607284546
  ],
  "true_label": 0
}