{
  "x_sample": [
    0.6792909502983093,
    -0.4158659875392914,
    0.2848077118396759,
    0.4611351191997528,
    -0.4836146831512451
  ],
  "true_label": 0
}