{
  "x_sample": [
    0.6389594078063965,
    -0.13364723324775696,
    -0.04428330063819885,
    0.46089938282966614,
    -0.4711589813232422
  ],
  "true_label": 0
}