{
  "x_sample": [
    0.6440870761871338,
    0.35466453433036804,
    0.40239018201828003,
    0.4839734137058258,
    -0.4644026756286621
  ],
  "true_label": 0
}