{
  "x_sample": [
    0.6265738606452942,
    0.39995312690734863,
    -0.38755661249160767,
    0.461578905582428,
    -0.48375067114830017
  ],
  "true_label": 0
}