{
  "x_sample": [
    0.6299363970756531,
    0.244280144572258,
    -0.49857327342033386,
    0.4941025376319885,
    -0.48450523614883423
  ],
  "true_label": 0
}