{
  "x_sample": [
    0.6203626394271851,
    -0.43773481249809265,
    -0.4495762884616852,
    0.4854324162006378,
    -0.4515024721622467
  ],
  "true_label": 0
}