{
  "x_sample": [
    0.6184587478637695,
    -0.13296471536159515,
    0.2471849024295807,
    0.4988539516925812,
    -0.4643576741218567
  ],
  "true_label": 0
}