{
  "x_sample": [
    0.6463460326194763,
    0.09424276649951935,
    0.4445257782936096,
    0.4649876058101654,
    -0.47311800718307495
  ],
  "true_label": 0
}