{
  "x_sample": [
    0.659844696521759,
    0.08506444841623306,
    0.01262489054352045,
    0.47153058648109436,
    -0.47807058691978455
  ],
  "true_label": 0
}