{
  "x_sample": [
    0.6221158504486084,
    0.029628319665789604,
    -0.3906768560409546,
    0.451032429933548,
    -0.48828262090682983
  ],
  "true_label": 0
}