{
  "x_sample": [
    0.6089149713516235,
    0.4871675968170166,
    -0.4138706922531128,
    0.4846411943435669,
    -0.46462535858154297
  ],
  "true_label": 0
}