{
  "x_sample": [
    0.6311598420143127,
    -0.08420176059007645,
    -0.1395018845796585,
    0.47300687432289124,
    -0.4928188621997833
  ],
  "true_label": 0
}