{
  "x_sample": [
    0.6080968379974365,
    0.22293201088905334,
    0.43351784348487854,
    0.4891568720340729,
    -0.4523604214191437
  ],
  "true_label": 0
}