{
  "x_sample": [
    0.6769757866859436,
    -0.25826573371887207,
    -0.4818345308303833,
    0.46510642766952515,
    -0.49532002210617065
  ],
  "true_label": 0
}