{
  "x_sample": [
    0.6158005595207214,
    -0.16990047693252563,
    0.12369552254676819,
    0.45733216404914856,
    -0.4991512894630432
  ],
  "true_label": 0
}