{
  "x_sample": [
    0.6607136726379395,
    -0.46036651730537415,
    -0.1367763727903366,
    0.45496195554733276,
    -0.46406427025794983
  ],
  "true_label": 0
}