{
  "x_sample": [
    0.6719158291816711,
    0.3297449052333832,
    -0.011586258187890053,
    0.4980887174606323,
    -0.46410486102104187
  ],
  "true_label": 0
}