{
  "x_sample": [
    0.6087836623191833,
    -0.30246686935424805,
    0.28031274676322937,
    0.47511252760887146,
    -0.46645694971084595
  ],
  "true_label": 0
}