{
  "x_sample": [
    0.6587557792663574,
    -0.17852886021137238,
    -0.04185804724693298,
    0.4549359679222107,
    -0.4652622938156128
  ],
  "true_label": 0
}