{
  "x_sample": [
    0.6305559873580933,
    -0.023178819566965103,
    -0.11694041639566422,
    0.49503248929977417,
    -0.453544020652771
  ],
  "true_label": 0
}