{
  "x_sample": [
    0.6191962957382202,
    -0.17170070111751556,
    -0.17761968076229095,
    0.4882664382457733,
    -0.4975670874118805
  ],
  "true_label": 0
}