{
  "x_sample": [
    0.6260168552398682,
    0.0078062876127660275,
    0.012705371715128422,
    0.45481210947036743,
    -0.48447147011756897
  ],
  "true_label": 0
}