{
  "x_sample": [
    0.6066623330116272,
    0.11203069239854813,
    0.2232133448123932,
    0.4645751714706421,
    -0.46949952840805054
  ],
  "true_label": 0
}