{
  "x_sample": [
    0.6671024560928345,
    -0.2285822331905365,
    -0.09251122176647186,
    0.497702032327652,
    -0.477127343416214
  ],
  "true_label": 0
}