{
  "x_sample": [
    0.6621320843696594,
    0.3772313594818115,
    -0.08534985035657883,
    0.46001550555229187,
    -0.46275854110717773
  ],
  "true_label": 0
}