{
  "x_sample": [
    0.6535256505012512,
    0.28560951352119446,
    0.26282235980033875,
    0.49532899260520935,
    -0.461235374212265
  ],
  "true_label": 0
}