{
  "x_sample": [
    0.6463130712509155,
    -0.024740049615502357,
    -0.4745440185070038,
    0.4941193461418152,
    -0.4918486773967743
  ],
  "true_label": 0
}