{
  "x_sample": [
    0.6131227612495422,
    0.10890576988458633,
    0.03602662682533264,
    0.45232492685317993,
    -0.4969274401664734
  ],
  "true_label": 0
}