{
  "x_sample": [
    0.6780466437339783,
    -0.2131931334733963,
    0.14088331162929535,
    0.45870283246040344,
    -0.48294609785079956
  ],
  "true_label": 0
}