{
  "x_sample": [
    0.6173772811889648,
    0.13125424087047577,
    0.11278132349252701,
    0.46355047821998596,
    -0.45421603322029114
  ],
  "true_label": 0
}