{
  "x_sample": [
    0.6104429364204407,
    0.27219918370246887,
    0.4611843526363373,
    0.49728628993034363,
    -0.4735776484012604
  ],
  "true_label": 0
}