{
  "x_sample": [
    0.6775715947151184,
    0.059651318937540054,
    0.193002849817276,
    0.4706266522407532,
    -0.45839422941207886
  ],
  "true_label": 0
}