{
  "x_sample": [
    0.6611868143081665,
    0.2754060924053192,
    -0.33349645137786865,
    0.4748564660549164,
    -0.48658180236816406
  ],
  "true_label": 0
}