{
  "x_sample": [
    0.6778892874717712,
    0.3123793601989746,
    -0.4582516849040985,
    0.4540574550628662,
    -0.46630004048347473
  ],
  "true_label": 0
}