{
  "x_sample": [
    0.6719489097595215,
    -0.06606468558311462,
    -0.3076165020465851,
    0.4629656672477722,
    -0.4997674226760864
  ],
  "true_label": 0
}