{
  "x_sample": [
    0.6143380403518677,
    0.21085384488105774,
    0.24785387516021729,
    0.4605799913406372,
    -0.4895540773868561
  ],
  "true_label": 0
}