{
  "x_sample": [
    0.6248716115951538,
    -0.4435109496116638,
    0.33489590883255005,
    0.45780476927757263,
    -0.46281683444976807
  ],
  "true_label": 0
}