{
  "x_sample": [
    0.6449332237243652,
    -0.15702471137046814,
    0.4479203224182129,
    0.4916132092475891,
    -0.4652698338031769
  ],
  "true_label": 0
}