{
  "x_sample": [
    0.6282102465629578,
    -0.3435945510864258,
    -0.13198870420455933,
    0.4569205343723297,
    -0.4743046164512634
  ],
  "true_label": 0
}