{
  "x_sample": [
    0.6411540508270264,
    -0.05687892064452171,
    -0.3704544007778168,
    0.4686778485774994,
    -0.4616931080818176
  ],
  "true_label": 0
}