{
  "x_sample": [
    0.6235676407814026,
    -0.04570230841636658,
    -0.24053406715393066,
    0.46320873498916626,
    -0.45784732699394226
  ],
  "true_label": 0
}