{
  "x_sample": [
    0.6080467104911804,
    0.058402083814144135,
    0.46830394864082336,
    0.45471858978271484,
    -0.48387977480888367
  ],
  "true_label": 0
}