{
  "x_sample": [
    0.6608994007110596,
    0.15702690184116364,
    -0.05062423273921013,
    0.45462992787361145,
    -0.45570340752601624
  ],
  "true_label": 0
}