{
  "x_sample": [
    0.6382990479469299,
    -0.3607681393623352,
    0.4091891050338745,
    0.47347527742385864,
    -0.4738737642765045
  ],
  "true_label": 0
}