{
  "x_sample": [
    0.6121909022331238,
    -0.15654459595680237,
    0.48595768213272095,
    0.4909595251083374,
    -0.48464739322662354
  ],
  "true_label": 0
}