{
  "x_sample": [
    0.6241654753684998,
    -0.057323820888996124,
    0.4665105640888214,
    0.48831915855407715,
    -0.4820318818092346
  ],
  "true_label": 0
}