{
  "x_sample": [
    0.6393204927444458,
    -0.23299571871757507,
    0.1943283975124359,
    0.48948583006858826,
    -0.46843770146369934
  ],
  "true_label": 0
}