{
  "x_sample": [
    0.6359491348266602,
    -0.2580030560493469,
    -0.27457913756370544,
    0.46928319334983826,
    -0.4977521598339081
  ],
  "true_label": 0
}