{
  "x_sample": [
    0.6304115653038025,
    0.21762853860855103,
    -0.35636553168296814,
    0.45918193459510803,
    -0.466993510723114
  ],
  "true_label": 0
}