{
  "x_sample": [
    0.6504379510879517,
    -0.03009933792054653,
    -0.15442228317260742,
    0.4711887538433075,
    -0.4758685231208801
  ],
  "true_label": 0
}