{
  "x_sample": [
    0.6545166969299316,
    0.4170088768005371,
    -0.20203359425067902,
    0.45909038186073303,
    -0.49125584959983826
  ],
  "true_label": 0
}