{
  "x_sample": [
    0.6417378783226013,
    -0.1583234965801239,
    0.03190581128001213,
    0.48942920565605164,
    -0.4860076308250427
  ],
  "true_label": 0
}