{
  "x_sample": [
    0.678129255771637,
    0.02848968096077442,
    -0.22868987917900085,
    0.48246586322784424,
    -0.46194806694984436
  ],
  "true_label": 0
}