{
  "x_sample": [
    0.6224965453147888,
    -0.3513719439506531,
    0.2590460777282715,
    0.4912547171115875,
    -0.45416873693466187
  ],
  "true_label": 0
}