{
  "x_sample": [
    0.6308369636535645,
    -0.09542249888181686,
    -0.43366047739982605,
    0.47962841391563416,
    -0.49982523918151855
  ],
  "true_label": 0
}