{
  "x_sample": [
    0.642184317111969,
    -0.3325168788433075,
    0.10870758444070816,
    0.46080416440963745,
    -0.4507014751434326
  ],
  "true_label": 0
}