{
  "x_sample": [
    0.6404474377632141,
    0.10226056724786758,
    0.12727054953575134,
    0.45406967401504517,
    -0.4673742353916168
  ],
  "true_label": 0
}