{
  "x_sample": [
    0.6684204936027527,
    0.24717892706394196,
    0.4208420515060425,
    0.49533793330192566,
    -0.4599412679672241
  ],
  "true_label": 0
}