{
  "x_sample": [
    0.6037406921386719,
    -0.15046294033527374,
    -0.1940191239118576,
    0.4696861803531647,
    -0.4928523898124695
  ],
  "true_label": 0
}