{
  "x_sample": [
    0.6321429014205933,
    0.4087064862251282,
    0.16190479695796967,
    0.4557291567325592,
    -0.45870041847229004
  ],
  "true_label": 0
}