{
  "x_sample": [
    0.6489943861961365,
    -0.22452567517757416,
    -0.41764676570892334,
    0.4585142433643341,
    -0.46561187505722046
  ],
  "true_label": 0
}