{
  "x_sample": [
    0.6402494311332703,
    -0.3629681468009949,
    -0.1461871862411499,
    0.47127068042755127,
    -0.46484336256980896
  ],
  "true_label": 0
}