{
  "x_sample": [
    0.6265685558319092,
    -0.3209885060787201,
    -0.055102162063121796,
    0.47740182280540466,
    -0.4522867798805237
  ],
  "true_label": 0
}