{
  "x_sample": [
    0.6426479816436768,
    0.2737296223640442,
    0.08398599177598953,
    0.4936961531639099,
    -0.4540470838546753
  ],
  "true_label": 0
}