{
  "x_sample": [
    0.641506016254425,
    0.01303009781986475,
    -0.053485412150621414,
    0.4887644946575165,
    -0.45262497663497925
  ],
  "true_label": 0
}