{
  "x_sample": [
    0.6734773516654968,
    -0.05922193452715874,
    -0.29640719294548035,
    0.4949386417865753,
    -0.45245179533958435
  ],
  "true_label": 0
}