{
  "x_sample": [
    0.6760687232017517,
    0.08811359107494354,
    -0.49802204966545105,
    0.4648285210132599,
    -0.46647387742996216
  ],
  "true_label": 0
}