{
  "x_sample": [
    0.6789020895957947,
    -0.17524585127830505,
    0.23416277766227722,
    0.4763469398021698,
    -0.48169225454330444
  ],
  "true_label": 0
}