{
  "x_sample": [
    0.6550231575965881,
    0.40514397621154785,
    0.3050691485404968,
    0.4569628834724426,
    -0.4997810423374176
  ],
  "true_label": 0
}