{
  "x_sample": [
    0.6792669296264648,
    -0.028257258236408234,
    0.4838623106479645,
    0.49722015857696533,
    -0.4891623556613922
  ],
  "true_label": 0
}