{
  "x_sample": [
    0.6620638966560364,
    0.22877338528633118,
    0.1646825075149536,
    0.45391228795051575,
    -0.4595303237438202
  ],
  "true_label": 0
}