{
  "x_sample": [
    0.6623019576072693,
    -0.17457494139671326,
    0.010305882431566715,
    0.45114806294441223,
    -0.4700496196746826
  ],
  "true_label": 0
}