{
  "x_sample": [
    0.6037642955780029,
    -0.34494826197624207,
    -0.35630229115486145,
    0.49454012513160706,
    -0.4697834849357605
  ],
  "true_label": 0
}