{
  "x_sample": [
    0.6124573349952698,
    -0.4222680330276489,
    0.23174764215946198,
    0.45442163944244385,
    -0.4851311445236206
  ],
  "true_label": 0
}