{
  "x_sample": [
    0.6450082659721375,
    -0.44441232085227966,
    -0.33771267533302307,
    0.4782618582248688,
    -0.4772705137729645
  ],
  "true_label": 0
}