{
  "x_sample": [
    0.6555193066596985,
    0.004758941940963268,
    0.4972327649593353,
    0.4715248644351959,
    -0.45585930347442627
  ],
  "true_label": 0
}