{
  "x_sample": [
    0.6319906115531921,
    0.29449138045310974,
    0.4980497658252716,
    0.4664251208305359,
    -0.4536859095096588
  ],
  "true_label": 0
}