{
  "x_sample": [
    0.6539524793624878,
    -0.19798921048641205,
    0.0804428979754448,
    0.48650965094566345,
    -0.49102509021759033
  ],
  "true_label": 0
}