{
  "x_sample": [
    0.6139984130859375,
    0.303127646446228,
    0.030695490539073944,
    0.46242350339889526,
    -0.46617090702056885
  ],
  "true_label": 0
}