{
  "x_sample": [
    0.6761024594306946,
    -0.10617265105247498,
    -0.13275817036628723,
    0.46308398246765137,
    -0.4868571162223816
  ],
  "true_label": 0
}