{
  "x_sample": [
    0.6768157482147217,
    -0.3766627907752991,
    -0.2867945432662964,
    0.4977271258831024,
    -0.46630340814590454
  ],
  "true_label": 0
}