{
  "x_sample": [
    0.6273133754730225,
    0.13679130375385284,
    -0.4609922766685486,
    0.4713684022426605,
    -0.46431607007980347
  ],
  "true_label": 0
}