{
  "x_sample": [
    0.6488274931907654,
    0.3387352228164673,
    -0.4179961681365967,
    0.48553967475891113,
    -0.4691929519176483
  ],
  "true_label": 0
}