{
  "x_sample": [
    0.6593341827392578,
    0.47238001227378845,
    0.3704907298088074,
    0.4952859580516815,
    -0.48413825035095215
  ],
  "true_label": 0
}