{
  "x_sample": [
    0.6372510194778442,
    -0.08852429687976837,
    -0.0019041280029341578,
    0.4787423014640808,
    -0.4877409040927887
  ],
  "true_label": 0
}