{
  "x_sample": [
    0.6718928217887878,
    -0.4731670022010803,
    0.24275080859661102,
    0.4731576144695282,
    -0.4681614637374878
  ],
  "true_label": 0
}