{
  "x_sample": [
    0.6348130702972412,
    0.4085521697998047,
    -0.3560457229614258,
    0.4740205407142639,
    -0.480770468711853
  ],
  "true_label": 0
}