{
  "x_sample": [
    0.6152086853981018,
    0.008401978760957718,
    0.2322968989610672,
    0.477548211812973,
    -0.49518659710884094
  ],
  "true_label": 0
}