{
  "x_sample": [
    0.6738758683204651,
    -0.2550540268421173,
    0.1997038722038269,
    0.4890270531177521,
    -0.4985029101371765
  ],
  "true_label": 0
}