{
  "x_sample": [
    0.6573701500892639,
    -0.17456024885177612,
    -0.31504225730895996,
    0.4760454297065735,
    -0.4755861759185791
  ],
  "true_label": 0
}