{
  "x_sample": [
    0.6621531844139099,
    -0.16426731646060944,
    -0.1207350641489029,
    0.496997594833374,
    -0.4755406379699707
  ],
  "true_label": 0
}