{
  "x_sample": [
    0.6171149611473083,
    -0.052954405546188354,
    0.35626059770584106,
    0.4669090211391449,
    -0.46846598386764526
  ],
  "true_label": 0
}