{
  "x_sample": [
    0.62568199634552,
    -0.09701847285032272,
    0.21502932906150818,
    0.4886285960674286,
    -0.4811556935310364
  ],
  "true_label": 0
}