{
  "x_sample": [
    0.6041176319122314,
    -0.48986321687698364,
    -0.06667277216911316,
    0.47119027376174927,
    -0.46970781683921814
  ],
  "true_label": 0
}