{
  "x_sample": [
    0.6165130138397217,
    -0.3275047242641449,
    0.407853364944458,
    0.483087420463562,
    -0.46977856755256653
  ],
  "true_label": 0
}