{
  "x_sample": [
    0.6411281228065491,
    -0.24321843683719635,
    -0.028470953926444054,
    0.4786752164363861,
    -0.4903552234172821
  ],
  "true_label": 0
}