{
  "x_sample": [
    0.6743125319480896,
    0.450155645608902,
    -0.017285214737057686,
    0.47498634457588196,
    -0.46504393219947815
  ],
  "true_label": 0
}