{
  "x_sample": [
    0.6605972647666931,
    0.04654274135828018,
    -0.14993561804294586,
    0.4966634213924408,
    -0.46496009826660156
  ],
  "true_label": 0
}