{
  "x_sample": [
    0.6777010560035706,
    0.22563302516937256,
    -0.2291487157344818,
    0.46863263845443726,
    -0.49507275223731995
  ],
  "true_label": 0
}