{
  "x_sample": [
    0.6338537335395813,
    0.49201348423957825,
    -0.14126458764076233,
    0.4649862051010132,
    -0.46898460388183594
  ],
  "true_label": 0
}