{
  "x_sample": [
    0.6651154160499573,
    -0.4657089412212372,
    -0.2812383472919464,
    0.48084378242492676,
    -0.4806567430496216
  ],
  "true_label": 0
}