{
  "x_sample": [
    0.672287106513977,
    -0.4424746036529541,
    -0.1221398264169693,
    0.4564256966114044,
    -0.48338550329208374
  ],
  "true_label": 0
}