{
  "x_sample": [
    0.6681798696517944,
    0.2692737877368927,
    -0.1629645675420761,
    0.49085068702697754,
    -0.4859902262687683
  ],
  "true_label": 0
}