{
  "x_sample": [
    0.6395837068557739,
    0.2840403616428375,
    0.06276783347129822,
    0.4909500181674957,
    -0.4844309389591217
  ],
  "true_label": 0
}