{
  "x_sample": [
    0.6401932835578918,
    0.2698521614074707,
    -0.29083117842674255,
    0.4837998151779175,
    -0.47251439094543457
  ],
  "true_label": 0
}