{
  "x_sample": [
    0.6781646013259888,
    -0.21915940940380096,
    0.4554983079433441,
    0.452152818441391,
    -0.45495501160621643
  ],
  "true_label": 0
}