{
  "x_sample": [
    0.6400541663169861,
    0.031360041350126266,
    0.0030919609125703573,
    0.46757686138153076,
    -0.46674400568008423
  ],
  "true_label": 0
}