{
  "x_sample": [
    0.6738694906234741,
    -0.29017165303230286,
    -0.4801112115383148,
    0.4621850252151489,
    -0.4535900354385376
  ],
  "true_label": 0
}