{
  "x_sample": [
    0.6583645939826965,
    -0.08511245250701904,
    -0.3189278244972229,
    0.48188069462776184,
    -0.45609357953071594
  ],
  "true_label": 0
}