{
  "x_sample": [
    0.6648984551429749,
    0.15770018100738525,
    -0.3579411208629608,
    0.48502063751220703,
    -0.45666205883026123
  ],
  "true_label": 0
}