{
  "x_sample": [
    0.6102670431137085,
    -0.09419503062963486,
    0.051113471388816833,
    0.46855059266090393,
    -0.4672856628894806
  ],
  "true_label": 0
}