{
  "x_sample": [
    0.674311637878418,
    -0.01984783075749874,
    -0.3350229263305664,
    0.4598170518875122,
    -0.451799601316452
  ],
  "true_label": 0
}