{
  "x_sample": [
    0.6762624382972717,
    -0.39589953422546387,
    -0.3508487045764923,
    0.46724945306777954,
    -0.46175795793533325
  ],
  "true_label": 0
}