{
  "x_sample": [
    0.6228641271591187,
    -0.20954327285289764,
    -0.3436242938041687,
    0.4914547801017761,
    -0.47298702597618103
  ],
  "true_label": 0
}