{
  "x_sample": [
    0.6484084725379944,
    0.11413295567035675,
    0.22358737885951996,
    0.4929904043674469,
    -0.47610020637512207
  ],
  "true_label": 0
}