{
  "x_sample": [
    0.6292245984077454,
    0.21038062870502472,
    0.467376708984375,
    0.49350884556770325,
    -0.47162091732025146
  ],
  "true_label": 0
}