{
  "x_sample": [
    0.6025691032409668,
    -0.020078809931874275,
    0.06282763183116913,
    0.47252368927001953,
    -0.45905178785324097
  ],
  "true_label": 0
}