{
  "x_sample": [
    0.6122610569000244,
    -0.09080041199922562,
    -0.22336430847644806,
    0.48278120160102844,
    -0.47140786051750183
  ],
  "true_label": 0
}