{
  "x_sample": [
    0.6032909154891968,
    -0.1433158963918686,
    -0.012339849956333637,
    0.45812541246414185,
    -0.45889052748680115
  ],
  "true_label": 0
}