{
  "x_sample": [
    0.6723045706748962,
    -0.4961087703704834,
    -0.1962268054485321,
    0.48013225197792053,
    -0.4829617440700531
  ],
  "true_label": 0
}