{
  "x_sample": [
    0.6458483338356018,
    0.025594249367713928,
    -0.061126675456762314,
    0.491689532995224,
    -0.4517329931259155
  ],
  "true_label": 0
}