{
  "x_sample": [
    0.6774475574493408,
    0.08853516727685928,
    0.3915552794933319,
    0.455497682094574,
    -0.4925479292869568
  ],
  "true_label": 0
}