{
  "x_sample": [
    0.611873984336853,
    -0.09733637422323227,
    0.322136253118515,
    0.456133097410202,
    -0.46675392985343933
  ],
  "true_label": 0
}