{
  "x_sample": [
    0.6714067459106445,
    0.483473002910614,
    0.380511999130249,
    0.47560057044029236,
    -0.4649442732334137
  ],
  "true_label": 0
}