{
  "x_sample": [
    0.6332525014877319,
    0.08317286521196365,
    0.4320100247859955,
    0.47297656536102295,
    -0.4955809712409973
  ],
  "true_label": 0
}