{
  "x_sample": [
    0.6371851563453674,
    0.4471522867679596,
    -0.2828695476055145,
    0.496317595243454,
    -0.4765082001686096
  ],
  "true_label": 0
}