{
  "x_sample": [
    0.6686763167381287,
    -0.3431107699871063,
    -0.02478746883571148,
    0.46927088499069214,
    -0.49930524826049805
  ],
  "true_label": 0
}