{
  "x_sample": [
    0.6767171621322632,
    -0.026804814115166664,
    -0.30689072608947754,
    0.496368408203125,
    -0.4744281470775604
  ],
  "true_label": 0
}