{
  "x_sample": [
    0.6072691679000854,
    0.30395567417144775,
    0.22251221537590027,
    0.4889555871486664,
    -0.49135833978652954
  ],
  "true_label": 0
}