{
  "x_sample": [
    0.6172366142272949,
    -0.18430404365062714,
    0.4248470366001129,
    0.4586515426635742,
    -0.453143447637558
  ],
  "true_label": 0
}