{
  "x_sample": [
    0.6703310012817383,
    -0.14879627525806427,
    -0.01920269802212715,
    0.45677265524864197,
    -0.4680303931236267
  ],
  "true_label": 0
}