{
  "x_sample": [
    0.6500426530838013,
    -0.453360915184021,
    -0.18832388520240784,
    0.48888441920280457,
    -0.4569445848464966
  ],
  "true_label": 0
}