{
  "x_sample": [
    0.648453414440155,
    0.27611666917800903,
    0.2049657702445984,
    0.4859479069709778,
    -0.4749976098537445
  ],
  "true_label": 0
}