{
  "x_sample": [
    0.6316994428634644,
    -0.16108040511608124,
    -0.37629827857017517,
    0.48649024963378906,
    -0.48329389095306396
  ],
  "true_label": 0
}