{
  "x_sample": [
    0.6622111797332764,
    0.3183433711528778,
    0.3047894835472107,
    0.46466898918151855,
    -0.485879123210907
  ],
  "true_label": 0
}