{
  "x_sample": [
    0.6043694615364075,
    0.05382527410984039,
    0.15019911527633667,
    0.48721832036972046,
    -0.48448196053504944
  ],
  "true_label": 0
}