{
  "x_sample": [
    0.6108223795890808,
    0.2171555906534195,
    0.13550226390361786,
    0.4610253572463989,
    -0.48937830328941345
  ],
  "true_label": 0
}