{
  "x_sample": [
    0.6080465912818909,
    0.1859734058380127,
    0.2792867124080658,
    0.4891324043273926,
    -0.46284449100494385
  ],
  "true_label": 0
}