{
  "x_sample": [
    0.6530802845954895,
    0.2476685792207718,
    -0.017481619492173195,
    0.48870694637298584,
    -0.4748280942440033
  ],
  "true_label": 0
}