{
  "x_sample": [
    0.6434200406074524,
    -0.31350836157798767,
    0.22882162034511566,
    0.458607017993927,
    -0.4661814570426941
  ],
  "true_label": 0
}