{
  "x_sample": [
    0.6795097589492798,
    0.368490993976593,
    0.49799078702926636,
    0.477029949426651,
    -0.47272831201553345
  ],
  "true_label": 0
}