{
  "x_sample": [
    0.6216531991958618,
    -0.2129805088043213,
    0.0005977734690532088,
    0.47228720784187317,
    -0.45773911476135254
  ],
  "true_label": 0
}