{
  "x_sample": [
    0.6045140027999878,
    -0.3868944048881531,
    0.3470681309700012,
    0.46650251746177673,
    -0.45533016324043274
  ],
  "true_label": 0
}