{
  "x_sample": [
    0.6172500252723694,
    -0.04262812063097954,
    -0.45469164848327637,
    0.4895065724849701,
    -0.476544588804245
  ],
  "true_label": 0
}