{
  "x_sample": [
    0.603137195110321,
    -0.005197368562221527,
    0.14425033330917358,
    0.45071887969970703,
    -0.4581763446331024
  ],
  "true_label": 0
}