{
  "x_sample": [
    0.6286072731018066,
    0.4704021215438843,
    -0.4607335031032562,
    0.4914857745170593,
    -0.4956050515174866
  ],
  "true_label": 0
}