{
  "x_sample": [
    0.6429980993270874,
    -0.27581870555877686,
    0.07163287699222565,
    0.4987402856349945,
    -0.4649547338485718
  ],
  "true_label": 0
}