{
  "x_sample": [
    0.6316570043563843,
    -0.3773432672023773,
    -0.3975008428096771,
    0.47192084789276123,
    -0.47949454188346863
  ],
  "true_label": 0
}