{
  "x_sample": [
    0.6495692729949951,
    -0.26681074500083923,
    0.2712464928627014,
    0.45270591974258423,
    -0.46688568592071533
  ],
  "true_label": 0
}