{
  "x_sample": [
    0.6587987542152405,
    0.44241178035736084,
    0.46022090315818787,
    0.48240381479263306,
    -0.46597692370414734
  ],
  "true_label": 0
}