{
  "x_sample": [
    0.6196786165237427,
    0.015596369281411171,
    -0.4854274094104767,
    0.48474764823913574,
    -0.49250340461730957
  ],
  "true_label": 0
}