{
  "x_sample": [
    0.619824230670929,
    0.12032856047153473,
    0.4419208765029907,
    0.47073403000831604,
    -0.45491617918014526
  ],
  "true_label": 0
}