{
  "x_sample": [
    0.6112064123153687,
    -0.25116702914237976,
    -0.3892510235309601,
    0.46534979343414307,
    -0.46530187129974365
  ],
  "true_label": 0
}