{
  "x_sample": [
    0.6516539454460144,
    0.4222886562347412,
    0.013615028001368046,
    0.49795976281166077,
    -0.4735489785671234
  ],
  "true_label": 0
}