{
  "x_sample": [
    0.6415643692016602,
    0.2924375832080841,
    -0.22084152698516846,
    0.46863609552383423,
    -0.49679553508758545
  ],
  "true_label": 0
}