{
  "x_sample": [
    0.6298660039901733,
    -0.36962980031967163,
    -0.2854352295398712,
    0.47978442907333374,
    -0.48916494846343994
  ],
  "true_label": 0
}