{
  "x_sample": [
    0.616829514503479,
    -0.1449514478445053,
    0.44878309965133667,
    0.4734891355037689,
    -0.47840020060539246
  ],
  "true_label": 0
}