{
  "x_sample": [
    0.6475969552993774,
    -0.09183089435100555,
    0.1085197776556015,
    0.49032050371170044,
    -0.47229957580566406
  ],
  "true_label": 0
}