{
  "x_sample": [
    0.6522442102432251,
    -0.16174747049808502,
    0.04287692531943321,
    0.4968981444835663,
    -0.4813288152217865
  ],
  "true_label": 0
}