{
  "x_sample": [
    0.6143286824226379,
    0.42740821838378906,
    -0.2583586275577545,
    0.49796006083488464,
    -0.4520533084869385
  ],
  "true_label": 0
}