{
  "x_sample": [
    0.6667965054512024,
    -0.08678868412971497,
    0.12321040779352188,
    0.4972825348377228,
    -0.4683111011981964
  ],
  "true_label": 0
}