{
  "x_sample": [
    0.6536247134208679,
    -0.44120487570762634,
    -0.09286680817604065,
    0.46533748507499695,
    -0.4772546589374542
  ],
  "true_label": 0
}