{
  "x_sample": [
    0.6134999394416809,
    0.48780226707458496,
    0.21821273863315582,
    0.46562451124191284,
    -0.46381378173828125
  ],
  "true_label": 0
}