{
  "x_sample": [
    0.6015459895133972,
    -0.29238978028297424,
    0.33070340752601624,
    0.4992315173149109,
    -0.4517464339733124
  ],
  "true_label": 0
}