{
  "x_sample": [
    0.6149700880050659,
    0.025089623406529427,
    -0.016210073605179787,
    0.4707934558391571,
    -0.4935930371284485
  ],
  "true_label": 0
}