{
  "x_sample": [
    0.6037435531616211,
    0.46936729550361633,
    0.2699832022190094,
    0.4992256164550781,
    -0.46383005380630493
  ],
  "true_label": 0
}