{
  "x_sample": [
    0.6404480338096619,
    0.1025347113609314,
    0.372028112411499,
    0.4721657931804657,
    -0.49712398648262024
  ],
  "true_label": 0
}