{
  "x_sample": [
    0.6272364258766174,
    -0.35990846157073975,
    0.03406063839793205,
    0.46300187706947327,
    -0.4570481777191162
  ],
  "true_label": 0
}