{
  "x_sample": [
    0.6553260684013367,
    -0.3043045103549957,
    -0.2979063093662262,
    0.47056517004966736,
    -0.4597870409488678
  ],
  "true_label": 0
}