{
  "x_sample": [
    0.6290268898010254,
    0.09896029531955719,
    0.06118059158325195,
    0.49821484088897705,
    -0.46219661831855774
  ],
  "true_label": 0
}