{
  "x_sample": [
    0.6479569673538208,
    -0.03602416068315506,
    -0.14390863478183746,
    0.4903564751148224,
    -0.46394631266593933
  ],
  "true_label": 0
}