{
  "x_sample": [
    0.616901695728302,
    0.03171089291572571,
    -0.2736903131008148,
    0.4887194037437439,
    -0.499782532453537
  ],
  "true_label": 0
}