{
  "x_sample": [
    0.6110687255859375,
    -0.4484151303768158,
    0.4742346405982971,
    0.4813534617424011,
    -0.4814841151237488
  ],
  "true_label": 0
}