{
  "x_sample": [
    0.6488000750541687,
    -0.466611385345459,
    0.0145267304033041,
    0.45032477378845215,
    -0.46556490659713745
  ],
  "true_label": 0
}