{
  "x_sample": [
    0.6033271551132202,
    0.021491672843694687,
    0.21659360826015472,
    0.4866606593132019,
    -0.47492876648902893
  ],
  "true_label": 0
}