{
  "x_sample": [
    0.6242551803588867,
    0.16758137941360474,
    0.21026425063610077,
    0.49413320422172546,
    -0.45252513885498047
  ],
  "true_label": 0
}