{
  "x_sample": [
    0.6255651116371155,
    0.05924401804804802,
    0.11795541644096375,
    0.4968206286430359,
    -0.4808492958545685
  ],
  "true_label": 0
}