{
  "x_sample": [
    0.6045860052108765,
    0.34656572341918945,
    0.1757664978504181,
    0.4963810443878174,
    -0.4964628517627716
  ],
  "true_label": 0
}