{
  "x_sample": [
    0.632058322429657,
    0.18442372977733612,
    0.3877864480018616,
    0.46064525842666626,
    -0.4621047377586365
  ],
  "true_label": 0
}