{
  "x_sample": [
    0.6273057460784912,
    -0.023937299847602844,
    -0.0551932267844677,
    0.4731348156929016,
    -0.486117959022522
  ],
  "true_label": 0
}