{
  "x_sample": [
    0.6508939862251282,
    -0.26427847146987915,
    0.3935627341270447,
    0.45808812975883484,
    -0.48006436228752136
  ],
  "true_label": 0
}