{
  "x_sample": [
    0.6580485701560974,
    -0.14798936247825623,
    0.07188692688941956,
    0.4554775357246399,
    -0.48242300748825073
  ],
  "true_label": 0
}