{
  "x_sample": [
    0.6208997368812561,
    -0.24760840833187103,
    -0.10275434702634811,
    0.4967123866081238,
    -0.46338096261024475
  ],
  "true_label": 0
}