{
  "x_sample": [
    0.6282982230186462,
    -0.47903013229370117,
    -0.199223592877388,
    0.4889138340950012,
    -0.47795477509498596
  ],
  "true_label": 0
}