{
  "x_sample": [
    0.6786407828330994,
    0.37094825506210327,
    0.4670952558517456,
    0.48671334981918335,
    -0.4690188467502594
  ],
  "true_label": 0
}