{
  "x_sample": [
    0.613868772983551,
    0.314281702041626,
    -0.2684626877307892,
    0.49183380603790283,
    -0.4612536132335663
  ],
  "true_label": 0
}