{
  "x_sample": [
    0.6084651350975037,
    0.48000267148017883,
    -0.3548170328140259,
    0.47197380661964417,
    -0.4787755608558655
  ],
  "true_label": 0
}