{
  "x_sample": [
    0.6324536800384521,
    -0.46210718154907227,
    0.18618080019950867,
    0.4582720994949341,
    -0.4913606643676758
  ],
  "true_label": 0
}