{
  "x_sample": [
    0.6519335508346558,
    0.31961631774902344,
    -0.28629449009895325,
    0.4965464472770691,
    -0.4650537073612213
  ],
  "true_label": 0
}