{
  "x_sample": [
    0.6426424980163574,
    0.45577147603034973,
    -0.19971780478954315,
    0.4790932834148407,
    -0.47541534900665283
  ],
  "true_label": 0
}