{
  "x_sample": [
    0.6475856304168701,
    -0.0724569782614708,
    0.18458881974220276,
    0.4842427372932434,
    -0.4905296266078949
  ],
  "true_label": 0
}