{
  "x_sample": [
    0.6552891731262207,
    0.05177422612905502,
    -0.3224945068359375,
    0.4795694649219513,
    -0.4998473823070526
  ],
  "true_label": 0
}