{
  "x_sample": [
    0.6659755706787109,
    0.3712649643421173,
    -0.17881961166858673,
    0.4530094563961029,
    -0.4966503381729126
  ],
  "true_label": 0
}