{
  "x_sample": [
    0.6125660538673401,
    0.3084574043750763,
    0.11477203667163849,
    0.45717424154281616,
    -0.49823710322380066
  ],
  "true_label": 0
}