{
  "x_sample": [
    0.6709913611412048,
    0.2592623829841614,
    0.1284339725971222,
    0.49208030104637146,
    -0.4525904357433319
  ],
  "true_label": 0
}