{
  "x_sample": [
    0.621353030204773,
    0.044214166700839996,
    -0.48289576172828674,
    0.4736955761909485,
    -0.47052890062332153
  ],
  "true_label": 0
}