{
  "x_sample": [
    0.6385559439659119,
    0.32145872712135315,
    0.1686076819896698,
    0.4787185490131378,
    -0.45905977487564087
  ],
  "true_label": 0
}