{
  "x_sample": [
    0.6761617064476013,
    0.2236139327287674,
    0.37767088413238525,
    0.4622669517993927,
    -0.49482032656669617
  ],
  "true_label": 0
}