{
  "x_sample": [
    0.6515489220619202,
    0.03088260069489479,
    0.22002698481082916,
    0.48576876521110535,
    -0.4941501319408417
  ],
  "true_label": 0
}