{
  "x_sample": [
    0.6263973116874695,
    0.17734920978546143,
    0.21499383449554443,
    0.46247315406799316,
    -0.46105822920799255
  ],
  "true_label": 0
}