{
  "x_sample": [
    0.6252670884132385,
    -0.37398621439933777,
    0.4041666090488434,
    0.49136292934417725,
    -0.4707314968109131
  ],
  "true_label": 0
}