{
  "x_sample": [
    0.6769000887870789,
    0.09292915463447571,
    0.1477757841348648,
    0.49550628662109375,
    -0.468964546918869
  ],
  "true_label": 0
}