{
  "x_sample": [
    0.6287719011306763,
    -0.32782313227653503,
    0.20093533396720886,
    0.49507856369018555,
    -0.48063069581985474
  ],
  "true_label": 0
}