{
  "x_sample": [
    0.6674283742904663,
    -0.3353266716003418,
    -0.32473891973495483,
    0.4677983522415161,
    -0.48523464798927307
  ],
  "true_label": 0
}