{
  "x_sample": [
    0.6581475734710693,
    -0.13390038907527924,
    0.4510054886341095,
    0.48988381028175354,
    -0.49629002809524536
  ],
  "true_label": 0
}