{
  "x_sample": [
    0.6662580370903015,
    0.27834242582321167,
    -0.4233822822570801,
    0.4501093327999115,
    -0.4694852828979492
  ],
  "true_label": 0
}