{
  "x_sample": [
    0.6097071766853333,
    -0.3626132011413574,
    0.23284411430358887,
    0.48471540212631226,
    -0.45187681913375854
  ],
  "true_label": 0
}