{
  "x_sample": [
    0.6127487421035767,
    -0.06418941169977188,
    0.2968195676803589,
    0.4734798073768616,
    -0.49270373582839966
  ],
  "true_label": 0
}