{
  "x_sample": [
    0.6360859870910645,
    -0.444821298122406,
    -0.4107314646244049,
    0.49415528774261475,
    -0.45574936270713806
  ],
  "true_label": 0
}