{
  "x_sample": [
    0.6524214744567871,
    0.21298059821128845,
    -0.21413284540176392,
    0.45488038659095764,
    -0.4622285068035126
  ],
  "true_label": 0
}