{
  "x_sample": [
    0.6139433979988098,
    -0.31740081310272217,
    -0.012492177076637745,
    0.4947194755077362,
    -0.45879456400871277
  ],
  "true_label": 0
}