{
  "x_sample": [
    0.6170573830604553,
    -0.24417166411876678,
    0.3694935441017151,
    0.46799007058143616,
    -0.48074379563331604
  ],
  "true_label": 0
}