{
  "x_sample": [
    0.6582560539245605,
    0.16146695613861084,
    0.4065084755420685,
    0.4943616986274719,
    -0.479538232088089
  ],
  "true_label": 0
}