{
  "x_sample": [
    0.6005673408508301,
    -0.26068633794784546,
    0.3830215632915497,
    0.456363320350647,
    -0.4527243375778198
  ],
  "true_label": 0
}