{
  "x_sample": [
    0.6478860378265381,
    0.19620545208454132,
    0.43784183263778687,
    0.4902789294719696,
    -0.4836118519306183
  ],
  "true_label": 0
}