{
  "x_sample": [
    0.6099500060081482,
    -0.1819837987422943,
    0.23278090357780457,
    0.4606938064098358,
    -0.45139893889427185
  ],
  "true_label": 0
}