{
  "x_sample": [
    0.6564071178436279,
    0.3092554807662964,
    -0.22240710258483887,
    0.46645084023475647,
    -0.4554740786552429
  ],
  "true_label": 0
}