{
  "x_sample": [
    0.6471172571182251,
    0.030413061380386353,
    -0.036312252283096313,
    0.49760860204696655,
    -0.4948887228965759
  ],
  "true_label": 0
}