{
  "x_sample": [
    0.6163132786750793,
    0.07208195328712463,
    0.3140094578266144,
    0.47819244861602783,
    -0.4968465566635132
  ],
  "true_label": 0
}