{
  "x_sample": [
    0.6074044704437256,
    -0.32984212040901184,
    0.09944897890090942,
    0.49148526787757874,
    -0.48705926537513733
  ],
  "true_label": 0
}