{
  "x_sample": [
    0.6585385799407959,
    0.08275415748357773,
    0.321384459733963,
    0.4631652235984802,
    -0.4743286967277527
  ],
  "true_label": 0
}