{
  "x_sample": [
    0.6279571056365967,
    0.2179955542087555,
    0.3774484097957611,
    0.4764469563961029,
    -0.48906782269477844
  ],
  "true_label": 0
}