{
  "x_sample": [
    0.6162119507789612,
    0.3451356887817383,
    -0.380083829164505,
    0.49963945150375366,
    -0.4883958399295807
  ],
  "true_label": 0
}