{
  "x_sample": [
    0.6496303081512451,
    0.3186315894126892,
    -0.3860591650009155,
    0.4623909890651703,
    -0.490854948759079
  ],
  "true_label": 0
}