{
  "x_sample": [
    0.6094123125076294,
    0.13028006255626678,
    -0.1491207480430603,
    0.4896261394023895,
    -0.49133792519569397
  ],
  "true_label": 0
}