{
  "x_sample": [
    0.6217616200447083,
    -0.38338130712509155,
    0.4035355746746063,
    0.45128124952316284,
    -0.46539586782455444
  ],
  "true_label": 0
}