{
  "x_sample": [
    0.6339560747146606,
    0.4987810552120209,
    0.4838303029537201,
    0.48569557070732117,
    -0.494780570268631
  ],
  "true_label": 0
}