{
  "x_sample": [
    0.6371599435806274,
    0.1301557719707489,
    -0.12943972647190094,
    0.4513325095176697,
    -0.49065032601356506
  ],
  "true_label": 0
}