{
  "x_sample": [
    0.6748044490814209,
    0.23728542029857635,
    -0.26604175567626953,
    0.48161643743515015,
    -0.45238640904426575
  ],
  "true_label": 0
}