{
  "x_sample": [
    0.618948757648468,
    -0.27836570143699646,
    0.2690299451351166,
    0.4812610447406769,
    -0.46614500880241394
  ],
  "true_label": 0
}