{
  "x_sample": [
    0.6619449257850647,
    -0.380150705575943,
    -0.2961331903934479,
    0.47538426518440247,
    -0.4530371427536011
  ],
  "true_label": 0
}