{
  "x_sample": [
    0.6451276540756226,
    -0.4090462923049927,
    -0.4929657578468323,
    0.4905882477760315,
    -0.4583488404750824
  ],
  "true_label": 0
}