{
  "x_sample": [
    0.6741660833358765,
    0.018469713628292084,
    0.018081052228808403,
    0.4511103928089142,
    -0.496965616941452
  ],
  "true_label": 0
}