{
  "x_sample": [
    0.6710718274116516,
    -0.4798613488674164,
    -0.11665713787078857,
    0.475056529045105,
    -0.47237634658813477
  ],
  "true_label": 0
}