{
  "x_sample": [
    0.6371292471885681,
    0.3638244867324829,
    -0.08980831503868103,
    0.4948979318141937,
    -0.4994705617427826
  ],
  "true_label": 0
}