{
  "x_sample": [
    0.6328109502792358,
    0.1550748646259308,
    -0.20441967248916626,
    0.4563000500202179,
    -0.49257710576057434
  ],
  "true_label": 0
}