{
  "x_sample": [
    0.6601476669311523,
    0.4772987961769104,
    0.021228160709142685,
    0.4681757092475891,
    -0.4778646230697632
  ],
  "true_label": 0
}