{
  "x_sample": [
    0.6082568168640137,
    0.10888568311929703,
    -0.2906965911388397,
    0.4930838644504547,
    -0.48324382305145264
  ],
  "true_label": 0
}