{
  "x_sample": [
    0.6094778180122375,
    -0.219072625041008,
    0.3232688307762146,
    0.4945829212665558,
    -0.455414742231369
  ],
  "true_label": 0
}