{
  "x_sample": [
    0.6715083718299866,
    0.2686828672885895,
    0.2481236457824707,
    0.4766678810119629,
    -0.4895649254322052
  ],
  "true_label": 0
}