{
  "x_sample": [
    0.6171748042106628,
    0.07113059610128403,
    0.23744121193885803,
    0.4995324909687042,
    -0.47636303305625916
  ],
  "true_label": 0
}