{
  "x_sample": [
    0.6261459589004517,
    -0.4240638017654419,
    0.289661169052124,
    0.4744321405887604,
    -0.4828416705131531
  ],
  "true_label": 0
}