{
  "x_sample": [
    0.6101921796798706,
    0.3974739909172058,
    0.4191237986087799,
    0.4875781834125519,
    -0.48710834980010986
  ],
  "true_label": 0
}