{
  "x_sample": [
    0.6462057828903198,
    0.06207147240638733,
    0.48113957047462463,
    0.47641900181770325,
    -0.45464015007019043
  ],
  "true_label": 0
}