{
  "x_sample": [
    0.6441614031791687,
    0.22401772439479828,
    0.2535935044288635,
    0.47411051392555237,
    -0.47354963421821594
  ],
  "true_label": 0
}