{
  "x_sample": [
    0.6007252931594849,
    0.44048410654067993,
    -0.4862825572490692,
    0.4885002374649048,
    -0.47648265957832336
  ],
  "true_label": 0
}