{
  "x_sample": [
    0.6638280153274536,
    0.35890892148017883,
    -0.08568456023931503,
    0.4966583251953125,
    -0.48068171739578247
  ],
  "true_label": 0
}