{
  "x_sample": [
    0.623840868473053,
    0.261427640914917,
    0.07201754301786423,
    0.47002074122428894,
    -0.4980733394622803
  ],
  "true_label": 0
}