{
  "x_sample": [
    0.6697719097137451,
    -0.37257200479507446,
    -0.05336449295282364,
    0.469726026058197,
    -0.45832115411758423
  ],
  "true_label": 0
}