{
  "x_sample": [
    0.6115347743034363,
    -0.4468158185482025,
    0.03814344480633736,
    0.4651947021484375,
    -0.46619361639022827
  ],
  "true_label": 0
}