{
  "x_sample": [
    0.6661711931228638,
    -0.19474345445632935,
    0.025269765406847,
    0.4591793715953827,
    -0.474703848361969
  ],
  "true_label": 0
}