{
  "x_sample": [
    0.6108559370040894,
    -0.016721902415156364,
    -0.16260014474391937,
    0.4877970218658447,
    -0.455200731754303
  ],
  "true_label": 0
}