{
  "x_sample": [
    0.6459804773330688,
    -0.248933345079422,
    -0.18141774833202362,
    0.49016377329826355,
    -0.47856247425079346
  ],
  "true_label": 0
}