{
  "x_sample": [
    0.6222974061965942,
    0.21890433132648468,
    -0.3007132411003113,
    0.4932498335838318,
    -0.45599478483200073
  ],
  "true_label": 0
}