{
  "x_sample": [
    0.6026172041893005,
    0.46467354893684387,
    -0.2988676130771637,
    0.4677025377750397,
    -0.4531885087490082
  ],
  "true_label": 0
}