{
  "x_sample": [
    0.6264897584915161,
    0.3302891254425049,
    -0.1981525421142578,
    0.49227818846702576,
    -0.45973730087280273
  ],
  "true_label": 0
}