{
  "x_sample": [
    0.6282259821891785,
    0.33838486671447754,
    -0.17651095986366272,
    0.45970872044563293,
    -0.4661312997341156
  ],
  "true_label": 0
}