{
  "x_sample": [
    0.665002703666687,
    -0.34323373436927795,
    -0.0021922725718468428,
    0.49980032444000244,
    -0.49873247742652893
  ],
  "true_label": 0
}