{
  "x_sample": [
    0.6063615083694458,
    0.3393670320510864,
    -0.2715519070625305,
    0.477751225233078,
    -0.48535728454589844
  ],
  "true_label": 0
}