{
  "x_sample": [
    0.6183041930198669,
    -0.24681174755096436,
    -0.30163487792015076,
    0.45328399538993835,
    -0.4699418842792511
  ],
  "true_label": 0
}