{
  "x_sample": [
    0.650127112865448,
    0.29799771308898926,
    0.45885002613067627,
    0.4726620316505432,
    -0.4762346148490906
  ],
  "true_label": 0
}