{
  "x_sample": [
    0.671180784702301,
    -0.26757705211639404,
    0.4585338532924652,
    0.4516500234603882,
    -0.4686913788318634
  ],
  "true_label": 0
}