{
  "x_sample": [
    0.6060611009597778,
    -0.060059450566768646,
    0.1718367040157318,
    0.48317354917526245,
    -0.45653966069221497
  ],
  "true_label": 0
}