{
  "x_sample": [
    0.6776600480079651,
    0.0680069848895073,
    0.0964667797088623,
    0.4634348750114441,
    -0.45695486664772034
  ],
  "true_label": 0
}