{
  "x_sample": [
    0.6682417988777161,
    0.1687736213207245,
    0.19051936268806458,
    0.4865468442440033,
    -0.45897629857063293
  ],
  "true_label": 0
}