{
  "x_sample": [
    0.6102649569511414,
    -0.3771309554576874,
    0.4495615065097809,
    0.4952634871006012,
    -0.4781162738800049
  ],
  "true_label": 0
}