{
  "x_sample": [
    0.6658960580825806,
    -0.165644109249115,
    0.32540163397789,
    0.457134872674942,
    -0.4958556294441223
  ],
  "true_label": 0
}