{
  "x_sample": [
    0.6689434051513672,
    -0.36498117446899414,
    -0.11314983665943146,
    0.47796639800071716,
    -0.4710506796836853
  ],
  "true_label": 0
}