{
  "x_sample": [
    0.6003150939941406,
    -0.1536596417427063,
    -0.32047373056411743,
    0.4870195984840393,
    -0.4658959209918976
  ],
  "true_label": 0
}