{
  "x_sample": [
    0.6126425862312317,
    -0.4124375879764557,
    0.2935842275619507,
    0.4699442684650421,
    -0.4652308225631714
  ],
  "true_label": 0
}