{
  "x_sample": [
    0.6473805904388428,
    -0.4393916428089142,
    -0.3409541845321655,
    0.49145421385765076,
    -0.49023380875587463
  ],
  "true_label": 0
}