{
  "x_sample": [
    0.6793981790542603,
    0.3588254451751709,
    0.38598179817199707,
    0.4864524006843567,
    -0.4887741208076477
  ],
  "true_label": 0
}