{
  "x_sample": [
    0.6630910634994507,
    0.18070514500141144,
    -0.04142802581191063,
    0.4756127595901489,
    -0.47391679883003235
  ],
  "true_label": 0
}