{
  "x_sample": [
    0.628312349319458,
    0.48804259300231934,
    -0.1587863266468048,
    0.46841588616371155,
    -0.4609306752681732
  ],
  "true_label": 0
}