{
  "x_sample": [
    0.6775447130203247,
    0.0227810051292181,
    -0.19119513034820557,
    0.48258349299430847,
    -0.4606662392616272
  ],
  "true_label": 0
}