{
  "x_sample": [
    0.6578383445739746,
    -0.4341607093811035,
    0.3727836012840271,
    0.49085578322410583,
    -0.49855369329452515
  ],
  "true_label": 0
}