{
  "x_sample": [
    0.6336821913719177,
    -0.12824222445487976,
    -0.4999435245990753,
    0.46593227982521057,
    -0.47050604224205017
  ],
  "true_label": 0
}