{
  "x_sample": [
    0.648293137550354,
    -0.3878805339336395,
    -0.051533401012420654,
    0.4975946545600891,
    -0.46626338362693787
  ],
  "true_label": 0
}