{
  "x_sample": [
    0.651449978351593,
    0.13197483122348785,
    -0.02306332439184189,
    0.47887271642684937,
    -0.46769315004348755
  ],
  "true_label": 0
}